PANEL_TYPE,url,USB,SKU,WEIGHT_WITH_STAND,OTHER_FEATURES,SPEAKER_TYPE,ADDITIONAL_FEATURES,MODEL_NAME,REFRESH_RATE,POWER_CONSUMPTION_(STAND-BY),PC_AUDIO_IN_(MINI_JACK),PC_AUDIO_OUT_(MINI_JACK),SIZE_WITH_STAND_(W_X_H_X_D),SIZE_WITHOUT_STAND_(W_X_H_X_D),SCREEN_TYPE,SCREEN_SIZE,SERIES,HD_TECHNOLOGY_&_RESOLUTION,SPEAKER_POWER_OUTPUT_(RMS),SOUND_TECHNOLOGY,SPEAKERS,SMART_TV,POWER_SUPPLY,3D,COMPONENT_VIDEO_INPUT,CURVE_TV,COMPOSITE_VIDEO_INPUT,PICTURE_ENGINE,HDMI,WEIGHT_WITHOUT_STAND,POWER_CONSUMPTION_(MAX),BRAND,price
-,https://www.vijaysales.com/Haier-LE55B9500U-55-139-cm-Ultra-HD-LED-TV/5586,1,LE55B9500U,-,"RF Connectivity Input , Analog Audio Input, Headphone Output",-,"Sleep Timer, USB Photo Viewer, USB Music PlayerUSB Video Player",LE55B9500U,-,0.5 Watts,-,-,1365 X 815 X 185,1240 X 768.4 X 246,LED,55 (139 cm),-,Ultra HD & 3840 X 2160,2 X 10 Watts,-,2,No,AC 100-240V ~ 50-60Hz,No,1,No,1,-,4,-,150 Watts,HAIER,"43,990"
IPS 4K Panel,https://www.vijaysales.com/LG-55UJ632T-55-139cm-Ultra-HD-Smart-LED-TV/5794,"Yes, Terminal Side x 1",55UJ632T,14.3 Kg,"Terminal Rear: RF In, Digital Audio Out (Optical), Headphone Out, LAN, HDMI, USB",-,"LG Smart TV: webOS, Launcher (Recent / Home / My Apps), Wi-Fi (Built IN/ Optional), WiFi Direct, Magic Remote Built IN, Magic Remote Modes (4 Modes (Universal Control,Point,Wheel,Voice)), Direct Keys (Apps)-Netflix, Amazon, Video Calling (TellyBean), Voice Recognition, Voice recognition - Language-US English, Voice recognition - Usage In-Search / Web browsing / SNS, Smart Phone Remote Controller (Remote App), Premium Content (India Specific Apps), Full Web Browser, Game World-Yes(In LG Store), Magic Zoom-Live + Focus Zoom, 360 VR, Single Click (Quick) Access, LG Store, Magic Mobile Connection, Music PlayerSmart Convergence: DLNA, Miracast TM, Intel Widi, Network File Browser, Bluetooth Wireless headphone connection & control(With LG Product Only)Time Machine: Time Machine(Ready), External HDD Recording Support, Scheduled Recording, Watch & Record -(Items recordable when using smart functions)USB: DivX HD, Picture (JPEG,JPS,MPO), External Device App Download , Audio Codec-AC3(Dolby Digital), EAC3, HE-AAC, AAC, MP2, MP3, PCM, DTS, DTS-HD, DTS Express, WMA, apt-X, Subtitle for DivX (Language)-15 Language (English, French, Spanish, Protuguese, Italian, Vietnamese, Bulgarian, Russian, Maori, Ukrainian, Kazakh, Thai, Hebrew, Arab, Korean)Special: White Sensor, Smart Energy Saving, OSD Language-Total 25, Indian : 12 (Hindi, Bengali, Telugu, Tamil, Malyalam, Assamese, Kannada, Urdu, Marathi ,Punjabi, Gujrati,Udeya) Subject to updation regularly, Simplink (HDMI CEC)Local Key Type: Joystick",55UJ632T,-,0.3 W,-,-,1249 mm x 785 mm x 235 mm,1249 mm x 730 mm x 83.4 min: (74.3 ),LED,55 (139cm),-,Ultra HD 3840 x 2160,20 W,Dolby Digital Decoder & DTS Decoder,2 Ch Speaker,Yes,100~240Vac 50~60 Hz,No,Yes,No,Yes,True 4K Engine,"Yes, Terminal Side x 2",14.2 Kg,-,LG,"89,990"
-,https://www.vijaysales.com/Haier-LE32B9000M-32-80cm-HD-Ready-LED-TV/5806,2,LE32B9000M,5.23 Kg,"Headphone Out, Other Connections-3D Comb Filter,sound mode settings",-,Convenience Features: Video Playback Formats-multiple formatsAudio Playback Formats-AVL(Auto Volume Leveler)Picture Playback Formats-Multiple Formats,LE32B9000M,-,-,-,-,799 mm x 510 mm x 146 mm,727 mm x 425.5 mm x 85 mm,LED,32 (80 cm),-,HD Ready & 1366 x 768 Pixels,16 W,Digital,2,No,230,No,Yes,No,Yes,-,2,3.51 Kg,60,HAIER,"15,990"
LCD,https://www.vijaysales.com/Sony-KLV43W772E-43-108cm-Full-HD-Smart-LED-TV/5834,2 (Side/Stacking),KLV43W772E,Approx. 10.2 kg,"Audio/Headphone Output(s), HDMI Audio Return Channel (ARC), HDMI-CEC, RF, Wi-Fi Standard, Ethernet inputsSmartphone connectivity: Photo Sharing Plus, Screen mirroring (Miracast™)USB drive format support: FAT16/FAT32/NTFSUSB playback codecs: MPEG1/MPEG2PS/MPEG2TS/AVCHD/MP4Part10/MP4Part2/AVI(XVID)/AVI(MotionJpeg)/WMV9/MKV/WEBM/WAV/MP3/WMA/JPEG",Front: Open Baffle SpeakerSubWoofer: Bass Reflex Speaker,"Backlight type: Edge LEDBacklight dimming type: Frame DimmingSoftware:Operating System: LinuxDisplay Language: AFRIKAANS/ARABIC/ASSAMESE/BENGALI/ENGLISH/PERSIAN/FRENCH/GUJARATI/HINDI/INDONESIAN/KANNADA/MALAYALAM/MARATHI/ORIYA/PANJABI/PORTUGUESE/RUSSIAN/SWAHILI/TAMIL/TELUGU/THAI/TURKISH/VIETNAMESE/SIMPLIFIED CHINESE/ZULUText Input Language: ENGLISHInternet Browser: OperaApplication Store: Yes (Opera Store)On/Off Timer, Sleep Timer, TeletextClosed Captions (Analog/Digital)Power Saving Mode / Back Light Off Mode, Dynamic Backlight ControlDesign: Black Frame colour, Silver U Slate StandBuilt-in Tuner: 1(Analogue), TV System (Analogue)-B/G, D/K, I, M, Tuner Channel Coverage (Analogue)-45.25 Mhz–863.25 MHz (Depends on country/area selection)",KLV43W772E,Motionflow™ XR 200 (Native 50 Hz),0.50 W,-,-,Approx. 964x619x236 mm,Approx. 964x571x70 mm,LED,43 (108cm),-,Full HD & 1920 x 1080,8W+8W+14W,"Dolby® Digital, Dolby® Digital Plus, Dolby® Pulse",-,Yes,"AC 100–240 V, 50/60 Hz DC 19.5 V",No,-,No,1,-,2 (2Side),Approx. 9.6 kg,93 W,SONY,"54,990"
"LCD, Edge LED Backlight type",https://www.vijaysales.com/Sony-KD55X7002E-55-139cm-Ultra-HD-Smart-LED-TV/5835,3 (Side),KD55X7002E,Approx. 18.6 kg,"Wi-Fi Standard: Wi-Fi® Certified 802.11b/g/nEthernet inputs: 1 (Bottom)Smartphone connectivity: Photo Sharing Plus, Screen mirroring (Miracast™)RF x 1HDCP: HDCP 2.2 (for HDMI™1/2/3)HDMI-CEC: YesHDMI Audio Return Channel (ARC): YesDigital Audio Output(s): 1 (Bottom)Audio/Headphone Output(s): 1 (Rear)USB drive format support: FAT16/FAT32/NTFSUSB playback codecs: MPEG1/MPEG2PS/MPEG2TS/AVCHD/MP4Part10/MP4Part2/AVI(XVID)/AVI(MotionJpeg)/WMV9/MKV/WEBM/WAV/MP3/WMA/JPEG",Bass Reflex Speaker,"SoftwareOperating System: LinuxOn-board Storage (GB): 4 GBDisplay Language: AFRIKAANS/ARABIC/ASSAMESE/BENGALI/ENGLISH/PERSIAN/FRENCH/GUJARATI/HINDI/INDONESIAN/KANNADA/MALAYALAM/MARATHI/ORIYA/PANJABI/PORTUGUESE/RUSSIAN/SWAHILI/TAMIL/TELUGU/THAI/TURKISH/VIETNAMESE/SIMPLIFIED CHINESE/ZULUText Input Language: ENGLISHInternet Browser: OperaApplication Store: Yes (Opera Store)On/Off Timer, Sleep Timer, Teletext",KD55X7002E,Motionflow™ XR 200 (Native 50 Hz),0.50 W,-,-,Approx. 1238 x 775 x 252 mm,Approx. 1238 x 722 x 58 mm,LED,55 (139cm),-,Ultra HD & 3840 x 2160,10 W+10 W,"Dolby® Digital, Dolby® Digital Plus, Dolby® Pulse",,Yes,50/60 Hz AC 110-240 V,No,-,No,1 (Bottom),4K X-Reality PRO,3 (2 Side/1 Rear),Approx. 17.7 kg,136 W,SONY,"89,990"
IPS 4K Panel,https://www.vijaysales.com/LG-49UJ632T-49-123cm-Ultra-HD-Smart-LED-TV/5873,"Yes, Terminal Side x 1",49UJ632T,11.4 Kg,"Terminal Rear: RF In, Digital Audio Out (Optical), Headphone Out, LAN, HDMI, USB",-,"LG Smart TV: webOS, Launcher (Recent / Home / My Apps), Wi-Fi (Built IN/ Optional), WiFi Direct, Magic Remote Built IN, Magic Remote Modes (4 Modes (Universal Control,Point,Wheel,Voice)), Direct Keys (Apps)-Netflix, Amazon, Video Calling (TellyBean), Voice Recognition, Voice recognition - Language-US English, Voice recognition - Usage In-Search / Web browsing / SNS, Smart Phone Remote Controller (Remote App), Premium Content (India Specific Apps), Full Web Browser, Game World-Yes(In LG Store), Magic Zoom-Live + Focus Zoom, 360 VR, Single Click (Quick) Access, LG Store, Magic Mobile Connection, Music Player, Multi ViewSmart Convergence: DLNA, Miracast TM, Intel Widi, Network File Browser, Bluetooth Wireless headphone connection & control(With LG Product Only)Time Machine: Time Machine(Ready), External HDD Recording Support, Scheduled Recording, Watch & Record -(Items recordable when using smart functions)USB: DivX HD, Picture (JPEG,JPS,MPO), External Device App Download , Audio Codec-AC3(Dolby Digital), EAC3, HE-AAC, AAC, MP2, MP3, PCM, DTS, DTS-HD, DTS Express, WMA, apt-X, Subtitle for DivX (Language)-15 Language (English, French, Spanish, Protuguese, Italian, Vietnamese, Bulgarian, Russian, Maori, Ukrainian, Kazakh, Thai, Hebrew, Arab, Korean)Special: White Sensor, Smart Energy Saving, OSD Language-Total 25, Indian : 12 (Hindi, Bengali, Telugu, Tamil, Malyalam, Assamese, Kannada, Urdu, Marathi ,Punjabi, Gujrati,Udeya) Subject to updation regularly, Simplink (HDMI CEC)Local Key Type: Joystick",49UJ632T,-,0.3 W,-,-,1110 mm x 705 mm x 235 mm,1110 mm x 650 mm x 81.1 mm min: (72 ),LED,49 (123cm),-,Ultra HD 3840 x 2160,20 W,Dolby Digital Decoder & DTS Decoder,2 Ch Speaker,Yes,100~240Vac 50~60 Hz,No,Yes,No,Yes,True 4K Engine,"Yes, Terminal Side x 2",11.3Kg,-,LG,"77,990"
IPS,https://www.vijaysales.com/LG-43LJ617T-43-108cm-Full-HD-Smart-LED-Tv/5874,2,43LJ617T,9.3 Kg,"RF Connectivity Input : 1, Digital Audio Out (Optical): 1, Headphone Out: 1, LAN: 1",-,"BackLight Module : Slim LEDAnalog TV ReceptionSubtitle For DivX (Language) : 20 Language (Arabic,Cantonese,English,French,German,Hebrew,Hindi,Italian,Japanese, Korean, Mandarin, Maori, Persian,Russian,Spanish,Vietnamese,Chinese,Malay,Thai,Tamil)Smart TV Platform: WebOS, Launcher (Recent / Home / My Apps), Wi-Fi (Built IN/ Optional), WiFi Direct, Magic Remote Built IN, Magic Remote Modes: 4 Modes (Universal Control,Point,Wheel,Voice), Direct Keys: Netflix, Amazon, Video Calling (TellyBean), Voice Recognition, Voice Recognition - Language: US English, Voice Recognition - Usage In: Search / Web browsing / SNS, Smart Phone Remote Controller, Premium Content (India Specific Apps), Full Web Browser, Game World, Live Zoom, Single Click (Quick) Access, LG Store, Magic Mobile Connection, Music Player, Multi ViewSmart Convergence: DLNA, Miracast TM, Intel Widi, Network File Browser, Bluetooth Wireless headphone connection & control(With LG Product Only)Time Machine: Time Machine (Ready), External HDD Recording Support: RF / Composite only, Watch & Record -(Items recordable when using smart functions): RF/ (DTV/ATV)Composite (STB) (Excluding Copy Protection), Scheduled Recording, Watch & Record -(Other Item recordable when watching HDMI/Component): RF/ (DTV/ATV)Composite (STB) (Excluding Copy Protection)Special: Motion Eco Senosor, Intelligent Sensor: White Sensor, Smart Energy Saving, e-Manual, Built-In Games, SimplinkOSD Languages : Total 25, Indian : 12 (Hindi, Bengali, Telugu, Tamil, Malyalam, Assamese, Kannada, Urdu, Marathi ,Punjabi, Gujrati,Udeya) Subject to updation regularlyLocal Key Type : Joystick",43LJ617T,-,0.3 Watts,-,-,974 mm x 625 mm x 219 mm,974 mm x 571 mm x 79.4 mm min: (70.3 ),LED FLAT,43 (108cm),-,Full HD 1920 x 1080,20 Watts,"Dolby Digital Decoder, DTS Decoder",2 Ch Speaker,Yes,100~240Vac 50~60 Hz,No,1,No,-,Color Master Engine,3,9.2 Kg,-,LG,"53,790"
-,https://www.vijaysales.com/Samsung-UA40M5000-40-100cm-Full-HD-LED-TV/5879,Yes,UA40M5000,7.2 kg,"Audio Out (Mini Jack), RF In",2 CH (Down Firing + Base Reflex),"Differentiation: Analog Clean View, Sports Mode Basic, Image Booster, Family TV 2.0, Indian Cinema ModeTuner/Broadcasting: Ready, Analog TunerDesign: Slim Edge Mold, NNB Bezel, Semi Slim FLED, Black Front Color, Y-Feet StandEco Sensor",UA40M5000,-,-,-,-,922.7 x 587.0 x 201.2 mm,922.7 x 531.0 x 72.6 mm,LED,40 (100cm),5,FULL HD & 1920 x 1080,"20 watts (L: 10 watts, R: 10 watts)",Dolby Digital Plus,-,-,AC100-240V 50/60Hz,No,1,No,1,HyperReal,Yes,7.0 kg,93 W,SAMSUNG,"39,000"
IPS,https://www.vijaysales.com/LG-32LJ618U-32-80cm-HD-Smart-LED-TV/5881,Yes,32LJ618U,-,"RF Connectivity Input : 1, Digital Audio Out (Optical): 1, Headphone Out: 1, LAN: 1, CI Slot, Component In (Y.Pb,Pr +Audio): (1(Composite/Component Common))",-,"BackLight Module : Slim LEDAnalog TV ReceptionSubtitle For DivX (Language) : 20 Language (Arabic,Cantonese,English,French,German,Hebrew,Hindi,Italian,Japanese, Korean, Mandarin, Maori, Persian,Russian,Spanish,Vietnamese,Chinese,Malay,Thai,Tamil)Smart TV Platform: WebOS, Launcher (Recent / Home / My Apps), Wi-Fi (Built IN/ Optional), WiFi Direct, Magic Remote Built IN, Magic Remote Modes: 4 Modes (Universal Control,Point,Wheel,Voice), Direct Keys: Netflix, Amazon, Video Calling (TellyBean), Voice Recognition, Voice Recognition - Language: US English, Voice Recognition - Usage In: Search / Web browsing / SNS, Smart Phone Remote Controller, Premium Content (India Specific Apps), Full Web Browser, Game World, Single Click (Quick) Access, LG Store, Magic Mobile Connection, Music PlayerSmart Convergence: DLNA, Miracast TM, Intel Widi, Network File Browser, Bluetooth Wireless headphone connection & control(With LG Product Only)Time Machine: Time Machine (Ready), External HDD Recording Support: RF / Composite only, Watch & Record -(Items recordable when using smart functions): RF/ (DTV/ATV)Composite (STB) (Excluding Copy Protection), Scheduled Recording, Watch & Record -(Other Item recordable when watching HDMI/Component): RF/ (DTV/ATV)Composite (STB) (Excluding Copy Protection)Special: Motion Eco Senosor, Intelligent Sensor: White Sensor, Smart Energy Saving, e-Manual, Built-In Games, SimplinkOSD Languages : Total 25, Indian : 12 (Hindi, Bengali, Telugu, Tamil, Malyalam, Assamese, Kannada, Urdu, Marathi ,Punjabi, Gujrati,Udeya) Subject to updation regularlyLocal Key Type : Joystick",32LJ618U,-,0.3 Watts,-,-,-,-,LED FLAT,32 (80cm),-,HD 1366 x768,35 Watts,"Dolby Digital Decoder, DTS Decoder, Virtual Surround Sound, Clear Voice II",2.1 Ch Speaker,Yes,100~240Vac 50~60 Hz,No,-,No,-,Color Master Engine,Yes,-,-,LG,"33,490"
IPS,https://www.vijaysales.com/LG-43LJ554T-43-108cm-Full-HD-Smart-LED-TV/5882,Yes,43LJ554T,8.4 Kg,"Terminal Rear: RF In, Component In (Y.Pb,Pr +Audio): 1(Composite/Component Common), Digital Audio Out (Optical), Headphone Out, LAN",-,"BackLight Module: Slim LEDAnalog TV ReceptionSmart Features: Launcher (Recent / Home / My Apps), Wi-Fi (Built IN/ Optional) , WiFi Direct, Smart Phone Remote Controller (Remote App), Premium Content (India Specific Apps), Full Web Browser",43LJ554T,-,0.3 Watts,-,-,977 mm x 615 mm x 187 mm,977 mmx 575 mm x 80.8 mm min: (71.7 ),LED FLAT,43 (108cm),-,Full HD 1920 x 1080,20 Watts,"Dolby Digital Decoder, DTS Decoder",2 Ch Speaker,Yes,100~240Vac 50~60 Hz,No,-,No,-,Color Master Engine,Yes,8.3 Kg,-,LG,"46,990"
LCD,https://www.vijaysales.com/Sony-KLV32R422E-32-80-cm-HD-Ready-LED-TV/5884,2 (Side/Stacking),KLV32R422E,Approx. 6.7 kg,"HDMI-CEC, HDMI Audio Return Channel (ARC), RF In, Audio/Headphone Output(s), HDCP1.4USB drive format support: FAT16/FAT32/NTFSUSB playback codecs: MPEG1/MPEG2PS/MPEG2TS/AVCHD/MP4Part10/MP4Part2/AVI(XVID)/AVI(MotionJpeg)/WMV9/MKV/WEBM/WAV/MP3/WMA/JPEG","Front: Open Baffle Speaker, SubWoofer: Bass Reflex Speaker","Display:Backlight type: Edge LED, Backlight dimming type: Frame DimmingSoftware: Operating System: LinuxDisplay Language: Indian Languages-ASSAMESE//BENGALI/ GUJARATI /HINDI /KANNADA/ MALAYALAM/ MARATHI/ ORIYA/ PANJABI /TAMIL/TELUGU/ Other Languages- AFRIKAANS/ARABIC/ ENGLISH/PERSIAN/FRENCH/ INDONESIAN/ PORTUGUESE/ RUSSIAN/SWAHILI/THAI/TURKISH/VIETNAMESE/SIMPLIFIED CHINESE/ZULUOn/Off Timer, Sleep Timer, TeletextPower Saving Mode / Back Light Off Mode, Dynamic Backlight ControlDesign: Black Frame colour, Mould Hair Black Stand Built-in Tuner: 1 (Analogue), TV System (Analogue)- B/G, D/K, I, M, Tuner Channel Coverage (Analogue)- 45.25 MHz-863.25 MHz, Depend on country/area selection",KLV32R422E,Motionflow™ XR 200,0.50 W,-,-,Approx. 731 x 490 x 187 mm,Approx. 731 x 442 x 70 mm,LED,32 (80cm),-,"HD Ready, 1366 x 768",8W+8W+14W,"Dolby® Digital, Dolby® Digital Plus, Dolby® Pulse",-,-,"AC 100–240 V, 50/60 Hz, DC 19.5 V",No,-,No,1,-,2 (2Side),Approx. 6.3 kg,69 W,SONY,"27,990"
IPS Panel,https://www.vijaysales.com/LG-43UJ652T-43-108cm-Ultra-HD-Smart-LED-TV/5909,"Yes, Terminal Side 1",43UJ652T,9.3 Kg,"Terminal Rear: RF In x 1, Component In (Y.Pb,Pr +Audio): 1(Composite/Component Common), Digital Audio Out (Optical) x 1, Headphone Out x 1, LAN x 1, HDMI x 2, USB x 1",-,"Smart Features: webOS, Launcher (Recent / Home / My Apps), Wi-Fi (Built IN/ Optional) , WiFi Direct, Magic Remote Built IN, Magic Remote Modes-4 Modes (Universal Control,Point,Wheel,Voice), Direct Keys (Apps)-Netflix, Amazon, Video Calling (TellyBean), Voice Recognition, Voice Recognition - Language-US English, Voice Recognition - Usage In-Search / Web browsing / SNS , Smart Phone Remote Controller (Remote App), Premium Content (India Specific Apps), Full Web Browser, Game World, Magic Zoom, 360 VR, Single Click (Quick) Access, LG Store, Magic Mobile Connection, Music Player, Multi ViewSmart Convergence: DLNA, Miracast TM, Intel Widi, Network File Browser, Bluetooth Wireless headphone connection & control(With LG Product Only)Time Machine: Time Machine(Ready), External HDD Recording Support, Watch & Record -(Items recordable when using smart functions), Scheduled RecordingUSB: DivX HD, JPEG, JPS, MPO Picture, External Device App Download , Audio Codec-AC3(Dolby Digital), EAC3, HE-AAC, AAC, MP2, MP3, PCM, DTS, DTS-HD, DTS Express, WMA, apt-X , Subtitle for DivX (Language)-15 Language (English, French, Spanish, Protuguese, Italian, Vietnamese, Bulgarian, Russian, Maori, Ukrainian, Kazakh, Thai, Hebrew, Arab, Korean)Special Features: Intelligent Sensor-White Sensor, Smart Energy Saving, OSD Language-Total 25, Indian : 12 (Hindi, Bengali, Telugu, Tamil, Malyalam, Assamese, Kannada, Urdu, Marathi ,Punjabi, Gujrati,Udeya) Subject to updation regularly , Simplink (HDMI CEC)",43UJ652T,-,0.3 Watts,-,-,974 mm x 625 mm x 219 mm,974 mm x 571 mm x 79.4 mm min: (70.3 ),LED,43 (108cm),-,Ultra HD 3840 x 2160,20 Watts,"Dolby Digital Decoder, DTS Decoder",2 Ch Speaker,Yes,100~240Vac 50~60 Hz,No,-,No,-,True 4K Engine,"Yes, Terminal Side 2",9.2 Kg,-,LG,"61,990"
-,https://www.vijaysales.com/LG-32LJ542D-32-80cm-HD-LED-TV/5621,1,32LJ542D,4.9 Kg,RF Connectivity Input : 1 (Rear),-,"BackLight Module : Slim LEDAnalog TV Reception : PAL/SECAM/NTSCSubtitle For DivX (Language) : 10 LanguageMotion Eco Sensor, Smart Energy SavingOSD Languages : Total 15Local Key Type : Joystick",32LJ542D,-,0.3 Watts,-,-,739 x 472 x 168 mm,739 x 441 x 84 mm,LED FLAT,32 (80cm),-,HD & 1366 X 768 Pixels,20 Watts,"Dolby Digital Decoder, DTS Decoder",2 Ch Speaker,No,100~240Vac 50~60 Hz,No,1,No,1,Color Master Engine,2,4.9 Kg,-,LG,"25,090"
IPS,https://www.vijaysales.com/LG-43LJ531T-43-108cm-Full-HD-LED-TV/5622,2,43LJ531T,9.5 Kg,"RF Connectivity Input : 1, Headphone Out: 1,",-,"BackLight Module : Slim LEDAnalog TV Reception : PAL/SECAM/NTSCSubtitle For DivX (Language) : 20 LanguageMotion Eco Sensor, Smart Energy Saving, Built-In Games, Simplink (HDMI CEC)OSD Languages : Total 15Local Key Type : One Key on/off",43LJ531T,-,0.3 Watts,-,-,974 x 620 x 199 mm,974 x 571 x 79.4 mm,LED FLAT,43 (108cm),-,Full HD 1920 x 1080 Pixels,20 Watts,"Dolby Digital Decoder, DTS Decoder",2 Ch Speaker,No,100~240Vac 50~60 Hz,No,1,No,-,Color Master Engine,2,9.3 Kg,-,LG,"42,190"
IPS,https://www.vijaysales.com/LG-32LJ573D-32-80cm-HD-SMART-LED-TV/5623,2,32LJ573D,4.7 Kg,"RF Connectivity Input : 1, Digital Audio Out (Optical): 1, Headphone Out: 1, LAN: 1",-,"BackLight Module : Slim LEDAnalog TV ReceptionSubtitle For DivX (Language) : 20 Language AllShare, Connect Share, Display Mirroring, DLNA, Easylink (HDMI-CEC), Hotel Mode, MHL, MyRemote Apps, Network File Sharing/Browser",32LJ573D,-,0.3 Watts,-,-,734 x 474 x 172 mm,734 x 438 x 71 mm Min: (66 mm),LED FLAT,32 (80cm),-,HD 1366 x768 Pixels,20 Watts,Dolby Digital Decoder,2 Ch Speaker,Yes,100~240Vac 50~60 Hz,No,1,No,-,Color Master Engine,2,4.5 Kg,-,LG,"27,990"
IPS,https://www.vijaysales.com/LG-32LJ616D-32-80cm-HD-Smart-LED-TV/5624,2,32LJ616D,4.9 Kg,"RF Connectivity Input : 1, Digital Audio Out (Optical): 1, Headphone Out: 1, LAN: 1",-,"BackLight Module : Slim LEDAnalog TV ReceptionSubtitle For DivX (Language) : 20 Language (Arabic,Cantonese,English,French,German,Hebrew,Hindi,Italian,Japanese, Korean, Mandarin, Maori, Persian,Russian,Spanish,Vietnamese,Chinese,Malay,Thai,Tamil)Smart TV Platform: WebOS, Launcher (Recent / Home / My Apps), Wi-Fi (Built IN/ Optional), WiFi Direct, Magic Remote Built IN, Magic Remote Modes: 4 Modes (Universal Control,Point,Wheel,Voice), Direct Keys: Netflix, Amazon, Video Calling (TellyBean), Voice Recognition, Voice Recognition - Language: US English, Voice Recognition - Usage In: Search / Web browsing / SNS, Smart Phone Remote Controller, Premium Content (India Specific Apps), Full Web Browser, Game World, Live Zoom, Single Click (Quick) Access, LG Store, Magic Mobile Connection, Music Player, Multi ViewSmart Convergence: DLNA, Miracast TM, Intel Widi, Network File Browser, Bluetooth Wireless headphone connection & control(With LG Product Only)Time Machine: Time Machine (Ready), External HDD Recording Support: RF / Composite only, Watch & Record -(Items recordable when using smart functions): RF/ (DTV/ATV)Composite (STB) (Excluding Copy Protection), Scheduled Recording, Watch & Record -(Other Item recordable when watching HDMI/Component): RF/ (DTV/ATV)Composite (STB) (Excluding Copy Protection)Special: Motion Eco Senosor, Intelligent Sensor: White Sensor, Smart Energy Saving, e-Manual, Built-In Games, SimplinkOSD Languages : Total 25, Indian : 12 (Hindi, Bengali, Telugu, Tamil, Malyalam, Assamese, Kannada, Urdu, Marathi ,Punjabi, Gujrati,Udeya) Subject to updation regularlyLocal Key Type : Joystick",32LJ616D,-,0.3 Watts,-,-,739 x 472 x 168 mm,739x 441 x 84 mm Min: (74.6 mm),LED FLAT,32 (80cm),-,HD 1366 x768,20 Watts,"Dolby Digital Decoder, DTS Decoder",2 Ch Speaker,Yes,100~240Vac 50~60 Hz,No,1,No,-,Color Master Engine,3,4.9 Kg,-,LG,"31,990"
IPS,https://www.vijaysales.com/LG-49LJ617T-49-123cm-FULL-HD-Smart-LED-TV/5625,2,49LJ617T,11.4 Kg,"RF Connectivity Input : 1, Digital Audio Out (Optical): 1, Headphone Out: 1, LAN: 1",-,"BackLight Module : Slim LEDAnalog TV ReceptionSubtitle For DivX (Language) : 20 Language (Arabic,Cantonese,English,French,German,Hebrew,Hindi,Italian,Japanese, Korean, Mandarin, Maori, Persian,Russian,Spanish,Vietnamese,Chinese,Malay,Thai,Tamil)Smart TV Platform: WebOS, Launcher (Recent / Home / My Apps), Wi-Fi (Built IN/ Optional), WiFi Direct, Magic Remote Built IN, Magic Remote Modes: 4 Modes (Universal Control,Point,Wheel,Voice), Direct Keys: Netflix, Amazon, Video Calling (TellyBean), Voice Recognition, Voice Recognition - Language: US English, Voice Recognition - Usage In: Search / Web browsing / SNS, Smart Phone Remote Controller, Premium Content (India Specific Apps), Full Web Browser, Game World, Live Zoom, Single Click (Quick) Access, LG Store, Magic Mobile Connection, Music Player, Multi ViewSmart Convergence: DLNA, Miracast TM, Intel Widi, Network File Browser, Bluetooth Wireless headphone connection & control(With LG Product Only)Time Machine: Time Machine (Ready), External HDD Recording Support: RF / Composite only, Watch & Record -(Items recordable when using smart functions): RF/ (DTV/ATV)Composite (STB) (Excluding Copy Protection), Scheduled Recording, Watch & Record -(Other Item recordable when watching HDMI/Component): RF/ (DTV/ATV)Composite (STB) (Excluding Copy Protection)Special: Motion Eco Senosor, Intelligent Sensor: White Sensor, Smart Energy Saving, e-Manual, Built-In Games, SimplinkOSD Languages : Total 25, Indian : 12 (Hindi, Bengali, Telugu, Tamil, Malyalam, Assamese, Kannada, Urdu, Marathi ,Punjabi, Gujrati,Udeya) Subject to updation regularlyLocal Key Type : Joystick",49LJ617T,-,0.3 Watts,-,-,1107 x 705 x 232.9 mm,1107 x 645 x 79.4 mm Min: (70.3 mm),LED FLAT,49 (123cm),-,Full HD 1920 x 1080,20 Watts,"Dolby Digital Decoder, DTS Decoder",2 Ch Speaker,Yes,100~240Vac 50~60 Hz,No,1,No,-,Color Master Engine,3,11.3 Kg,-,LG,"62,990"
IPS,https://www.vijaysales.com/LG-55LJ550T-55-139cm-Full-HD-Smart-LED-TV/5626,1,55LJ550T,14.3 Kg,"RF Connectivity Input : 1, Digital Audio Out (Optical): 1, Headphone Out: 1, LAN: 1",-,"BackLight Module : LEDAnalog TV ReceptionSubtitle For DivX (Language) : 20 Language (Arabic,Cantonese,English,French,German,Hebrew,Hindi,Italian,Japanese, Korean, Mandarin, Maori, Persian,Russian,Spanish,Vietnamese,Chinese,Malay,Thai,Tamil)Launcher (Recent / Home / My Apps), Wi-Fi (Built IN/ Optional), WiFi Direct, Smart Phone Remote Controller, Premium Content (India Specific Apps), Full Web Browser, Game World, Live Zoom, Single Click (Quick) Access, LG Store, Magic Mobile Connection, Music PlayerSmart Convergence: DLNA, Miracast TM, Intel Widi, Network File BrowserTime Machine: Time Machine (Ready), External HDD Recording Support: RF / Composite only, Watch & Record -(Items recordable when using smart functions): RF/ (DTV/ATV)Composite (STB) (Excluding Copy Protection), Scheduled Recording, Watch & Record -(Other Item recordable when watching HDMI/Component): RF/ (DTV/ATV)Composite (STB) (Excluding Copy Protection)Special: Smart Energy Saving, Built-In GamesOSD Languages : Total 25, Indian : 12 (Hindi, Bengali, Telugu, Tamil, Malyalam, Assamese, Kannada, Urdu, Marathi ,Punjabi, Gujrati,Udeya) Subject to updation regularlyLocal Key Type : Joystick",55LJ550T,-,0.3 Watts,-,-,1249 x 785 x 235 mm,1249 x 730 x 83.4 mm Min: (74.3 mm),LED FLAT,55 (139cm),-,Full HD 1920 x 1080,20 Watts,"Dolby Digital Decoder, DTS Decoder",2 Ch Speaker,Yes,100~240Vac 50~60 Hz,No,1,No,-,Color Master Engine,2,14.2 Kg,-,LG,"79,990"
Advanced LED Panel Techonology,https://www.vijaysales.com/LG-43UJ752T-43-108cm-Ultra-HD-Smart-LED-TV/5627,"Yes, Terminal Side 1",43UJ752T,11.4 Kg,"Terminal Rear: 1 x RF In, Component In (Y.Pb,Pr +Audio): 1(Composite/Component Common), 1 x Digital Audio Out (Optical), 1 x Headphone out, 1 x LAN, HDMI x 2, USB x 1",-,"Smart Features: WebOS, Launcher (Recent/Home/My Apps), WiFi Built In, WiFi Direct, Magic Remote Built In, Voice Recognition, Full Web Browser, Game World (IN LG Store), Magic Zoom, 360 VR, Single Click (Quick) Access, LG Store, Music Player, Multi View, Magic Mobile ConnectionLG Smart Share: DLNA, Miracast TM, Intel WiDi, Network File Browser, Bluetooth wireless headphone connection and control (With LG Product Only)Time Machine : External HDD Recording Support (RF/Composite only), Watch & Record -(Other Items recordable when watching HDMI / Component & using Smart Functions) (RF(DTV/ATV) Composite(STB) (Excluding Copy Protection)), Scheduled RecordingSpecial Features : Intelligent Sensor (White Sensor), Smart Energy Saving, SimplinkLocal Key Type: JoystickNano Cell DisplayTM, BackLight Module (Slim LED), Active HDR With Dolby Vision, Micro Pixel Control (Local Dimming), Analog TV Reception, Digital TV Reception (Terrestrial DVB-T2)OSD Language: Total 25, Indian : 12 (Hindi, Bengali, Telugu, Tamil, Malyalam, Assamese, Kannada, Urdu, Marathi ,Punjabi, Gujrati,Udeya) Subject to updation regularly Subtitle for DivX (Language): 15 Language (English, French, Spanish, Protuguese, Italian, Vietnamese, Bulgarian, Russian, Maori, Ukrainian, Kazakh, Thai, Hebrew, Arab, Korean)",43UJ752T,-,0.3 Watts,-,-,967.6 mm X 628.9 mm X 213.4 mm,967.6 mm X 566.4 mm X 62.1 min : (40.8),LED,43 (108cm),-,Ultra HD 3840 x 2160,20 Watts,"Dolby Digital Decoder, DTS Decoder",2 Ch Speaker,Yes,100~240Vac 50~60 Hz,No,-,No,-,True 4K Engine,"Yes, Terminal Side 2",10.2 Kg,-,LG,"74,990"
LCD,https://www.vijaysales.com/Sony-KD43X8200E-43-108cm-Ultra-HD-Smart-LED-TV/5671,3,KD43X8200E,10.8 Kg,"1 x RF In, 1 x Ethernet, 1 x Audio Out, 1 x Digital audio output, RS-232C Input",Bass Reflex Speaker,"Additional Features: Bluetooth support: v4.1 HID/HOGP/SPPSmartphone connectivity: Chromecast built-in, Photo Sharing Plus, Screen mirroring - Miracast), Video & TV SideView (iOS/Android)USB playback codecs: MPEG1: MPEG1/MPEG2PS: MPEG2/MPEG2TS(HDV, AVCHD): MPEG2, AVC/MP4 (XAVC S): AVC, MPEG4, HEVC/AVI: Xvid, MotionJpeg/ASF(WMV): VC1/MOV: AVC, MPEG4, MotionJpeg/MKV: Xvid, AVC, MPEG4, VP8. HEVC/WEBM: VP8/3GPP: MPEG4, AVC/MP3/ASF (WMA)/WAV/MP4AAC/FLAC/JPEGUSB drive format: FAT16/FAT32/exFAT/NTFSOther Features: On-board Storage: 16GBDisplay Language: ENGLISH/SIMPLIFIED CHINESE/TRADITIONAL CHINESE /AFRIKAANS/ARABIC/INDONESIAN/PERSIAN/SWAHILI/THAI/VIETNAMESE/ZULU/FRENCH/PORTUGUESE/RUSSIAN/ASSAMESE/BENGALI/GUJARATI/HINDI/KANNADA/MALAYALAM/MARATHI/ORIYA/PANJABI/TAMIL/TELUGUText Input Language: BULGARIAN/CATALAN/CROATIAN/CZECH/DANISH/DUTCH/ENGLISH/ESTONIAN/FINNISH/FRENCH/GERMAN/GREEK/HUNGARIAN/ITALIAN/LATVIAN/LITHUANIAN/NORWEGIAN/POLISH/PORTUGUESE/ROMANIAN/RUSSIAN/SLOVAK/SLOVENIAN/SPANISH/SWEDISH/TURKISH/UKRAINIAN/THAI/VIETNAMESE/ARABIC/PERSIAN/JAPANESEContent Bar, Voice Search, Electronic Program Guide, On/Off Timer, Sleep Timer, Teletext, Closed Captions ((Analogue)-(Digital) Subtitle)Design: Black Frame colour, Silver U Slate StandNetwork Connectivity : Android TV, Internet Browser (Opera), Google Play StoreBuilt In Tuners : Digital Terrestrial (DVB-T/T2), 1(Digital/Analog)Eco Features : Light Sensors, Power Saving Modes, Dynamic Backlight Control, Backlight Off ModeWi-Fi Standard",KD43X8200E,Motionflow™ XR 200 (Native 50 Hz),0.5W,-,-,964 mm X 617 mm X 242 mm,964 mm X 567 mm X 57 mm,LED,43 (108 cm),-,Ultra HD & 3840 x 2160,12W+12W+8W+8W,"DTS Digital Surround, Dolby Digital/Dolby Digital Plus/Dolby Pulse",-,"Yes, (Android 7.0 Nougat)","AC 100–240 V, 50/60 Hz DC 19.5 V",No,1 (Bottom Hybrid with Composite),No,2 (1Bottom Analog Conversion/1Bottom Hybrid with Component),4K X-Reality PRO,4,10.1 Kg,120 w,SONY,"79,990"
LCD,https://www.vijaysales.com/Sony-KD49X8200E-49-124-46cm-Ultra-HD-Smart-LED-TV/5672,3,KD49X8200E,12.9 Kg,"1 x RF In, 1 x Ethernet, 1 x Audio Out, 1 x Digital audio output, RS-232C Input",Bass Reflex Speaker,"Additional Features: Bluetooth support: v4.1 HID/HOGP/SPPSmartphone connectivity: Chromecast built-in, Photo Sharing Plus, Screen mirroring - Miracast), Video & TV SideView (iOS/Android)USB playback codecs: MPEG1: MPEG1/MPEG2PS: MPEG2/MPEG2TS(HDV, AVCHD): MPEG2, AVC/MP4 (XAVC S): AVC, MPEG4, HEVC/AVI: Xvid, MotionJpeg/ASF(WMV): VC1/MOV: AVC, MPEG4, MotionJpeg/MKV: Xvid, AVC, MPEG4, VP8. HEVC/WEBM: VP8/3GPP: MPEG4, AVC/MP3/ASF (WMA)/WAV/MP4AAC/FLAC/JPEGUSB drive format: FAT16/FAT32/exFAT/NTFSOther Features: On-board Storage: 16GBDisplay Language: ENGLISH/SIMPLIFIED CHINESE/TRADITIONAL CHINESE /AFRIKAANS/ARABIC/INDONESIAN/PERSIAN/SWAHILI/THAI/VIETNAMESE/ZULU/FRENCH/PORTUGUESE/RUSSIAN/ASSAMESE/BENGALI/GUJARATI/HINDI/KANNADA/MALAYALAM/MARATHI/ORIYA/PANJABI/TAMIL/TELUGUText Input Language: BULGARIAN/CATALAN/CROATIAN/CZECH/DANISH/DUTCH/ENGLISH/ESTONIAN/FINNISH/FRENCH/GERMAN/GREEK/HUNGARIAN/ITALIAN/LATVIAN/LITHUANIAN/NORWEGIAN/POLISH/PORTUGUESE/ROMANIAN/RUSSIAN/SLOVAK/SLOVENIAN/SPANISH/SWEDISH/TURKISH/UKRAINIAN/THAI/VIETNAMESE/ARABIC/PERSIAN/JAPANESEContent Bar, Voice Search, Electronic Program Guide, On/Off Timer, Sleep Timer, Teletext, Closed Captions ((Analogue)-(Digital) Subtitle)Design: Black Frame colour, Silver U Slate StandNetwork Connectivity : Android TV, Internet Browser (Opera), Google Play StoreBuilt In Tuners : Digital Terrestrial (DVB-T/T2), 1(Digital/Analog)Eco Features : Light Sensors, Power Saving Modes, Dynamic Backlight Control, Backlight Off ModeWi-Fi Standard",KD49X8200E,Motionflow™ XR 200 (Native 50 Hz),0.5W,-,-,1096 mm X 691 mm X 252 mm,1096 mm X 640 mm X 57 mm,LED,49 (124.46 cm),-,Ultra HD & 3840 x 2160,12W+12W+8W+8W,"DTS Digital Surround, Dolby Digital/Dolby Digital Plus/Dolby Pulse",-,"Yes, (Android 7.0)","AC 100–240 V, 50/60 Hz DC 19.5 V",No,1 (Bottom Hybrid with Composite),No,2 (1Bottom Analog Conversion/1Bottom Hybrid with Component),4K X-Reality PRO,4,12.2 Kg,137 W,SONY,"99,990"
OLED,https://www.vijaysales.com/Sony-KD55A1-55-139-cm-Ultra-HD-Smart-OLED-TV/5681,3,KD55A1,Approx. 28.8 kg,"Wi-Fi Standard: Wi-Fi Certified 802.11a/b/g/n/acEthernet inputs (1 (Bottom))Bluetooth: v4.1 (HID / HOGP / SPP / A2DP / AVRCP), 1 x RF Connection Input, RS-232C Input x 1, HDCP2.2 (for HDMI™1/2/3/4), HDMI-CEC, HDMI Audio Return Channel (ARC), Digital Audio Output, Audio/Headphone OutputUSB drive format: FAT16/FAT32/exFAT/NTFSUSB playback codecs: MPEG1: MPEG1/MPEG2PS: MPEG2/MPEG2TS(HDV, AVCHD): MPEG2, AVC/MP4 (XAVC S): AVC, MPEG4, HEVC/AVI: Xvid, MotionJpeg/ASF(WMV): VC1/MOV: AVC, MPEG4, MotionJpeg/MKV: Xvid, AVC, MPEG4, VP8. HEVC/WEBM: VP8/3GPP: MPEG4, AVC/MP3/ASF (WMA)/WAV/MP4AAC/FLAC/JPEG",Acoustic Surface (Actuator + Subwoofer),"Smartphone connectivity: Chromecast built-in, Photo Sharing Plus, Screen mirroring (Miracast™), Video & TV SideView (iOS/Android)Android TV Features : Android OSOn-board Storage (GB): 16GBDisplay Language: ENGLISH/SIMPLIFIED CHINESE/TRADITIONAL CHINESE /AFRIKAANS/ARABIC/INDONESIAN/PERSIAN/SWAHILI/THAI/VIETNAMESE/ZULU/FRENCH/PORTUGUESE/RUSSIAN/ASSAMESE/BENGALI/GUJARATI/HINDI/KANNADA/MALAYALAM/MARATHI/ORIYA/PANJABI/TAMIL/TELUGUText Input Language: BULGARIAN/CATALAN/CROATIAN/CZECH/DANISH/DUTCH/ENGLISH/ESTONIAN/FINNISH/FRENCH/GERMAN/GREEK/HUNGARIAN/ITALIAN/LATVIAN/LITHUANIAN/NORWEGIAN/POLISH/PORTUGUESE/ROMANIAN/RUSSIAN/SLOVAK/SLOVENIAN/SPANISH/SWEDISH/TURKISH/UKRAINIAN/THAI/VIETNAMESE/ARABIC/PERSIAN/JAPANESEContent Bar, Voice Search, Electronic Programme Guide (EPG), Internet Browser (Opera), Google Play Store, On/Off Timer, Sleep Timer, Teletext, Closed Captions (Analog/Digital)SubtitlePower Saving Mode / Back Light Off Mode, Light SensorDesign: Black Frame colourBuilt-in Tuner: 1(Digital/Analogue), B/G, D/K, I, M, 45.25 Mhz–863.25 MHz (Depends on country/area selection), DVB-T/T2, VHF/UHF(Depend on country/area selection)",KD55A1,Motionflow™ XR,0.5 Watts,-,-,Approx. 1228 x 710 x 339 mm,Approx. 1228 x 711x 86 mm,LED,55 (139cm),-,4K ULTRA HD & 3840 x 2160,10 W + 10 W + 10 W + 10 W + +10 W,"Dolby Digital, Dolby Digital Plus, Dolby Pulse",-,Yes,AC 110-240V ~ 50/60 Hz,No,-,No,1,4K X-Reality PRO,4,Approx. 25.0 kg,357 Watts,SONY,"2,99,990"
-,https://www.vijaysales.com/Samsung-UA49M5570-49-124-46cm-Full-HD-Smart-LED-TV/5693,2,UA49M5570,14.6 kg,"1 x Digital Audio Out (Optical), 1 x RF In, CI Slot, HDMI A / Return Ch. Support, HDMI Quick Switch",2 CH (Down Firing w / Bass Reflex),"Smart TV : Voice Interaction (UK English), TV to Mobile - Mirroring, Mobile to TV - Mirroring DLNA, Bluetooth Low Energy, WiFi DirectDifferentiation: S-Share, Sound Mirroring, Dongle Compatibility (3G / LTE / WiFi), Analog Clean View",UA49M5570,-,-,-,-,1105.8 x 710.2 x 293.8 mm,1105.8 x 645.0 x 55.1 mm,LED,49 (124.46 cm),5,FULL HD & 1920 × 1080,20 watts,Dolby Digital Plus,-,Yes,AC100-240V 50/60Hz,No,1,No,1,HyperReal,3,13.0 kg,118 W,SAMSUNG,"68,900"
-,https://www.vijaysales.com/Samsung-UA55M5570-55-138cm-Full-HD-Smart-LED-TV/5694,2,UA55M5570,17.6 kg,"1 x Digital Audio Out (Optical), 1 x RF In, CI Slot, HDMI A / Return Ch. Support, HDMI Quick Switch",2 CH (Down Firing w / Bass Reflex),"Smart TV : Voice Interaction (UK English), TV to Mobile - Mirroring, Mobile to TV - Mirroring DLNA, Bluetooth Low Energy, WiFi DirectDifferentiation: S-Share, Sound Mirroring, Dongle Compatibility (3G / LTE / WiFi), Analog Clean View",UA55M5570,-,-,-,-,1241.6 x 786.4 x 293.8 mm,1241.6 x 721.4 x 55.1 mm,LED,55 (138cm),5,FULL HD & 1920 × 1080,20 watts,Dolby Digital Plus,-,Yes,AC100-240V 50/60Hz,No,1,No,1,HyperReal,3,16.0 kg,128 W,SAMSUNG,"92,900"
-,https://www.vijaysales.com/Samsung-UA49MU6470-49-123cm-Ultra-HD-Smart-LED-TV/5695,2,UA49MU6470,16 kg,"1 x Digital Audio Out (Optical), 1 x RF In, CI Slot, HDMI A / Return Ch. Support, HDMI Quick Switch",2 CH(Down Firing w/Bass Reflex),"Smart TV : Voice Interaction (UK English), TV to Mobile - Mirroring, Mobile to TV - Mirroring DLNA, 360 Video Player, Bluetooth Low Energy, WiFi DirectDifferentiation: S-Share, Sound Mirroring, Dongle Compatibility (3G / LTE / WiFi), Analog Clean View",UA49MU6470,-,-,-,-,1099.4 x 707.5 x 334.3 mm,1099.4 x 638.7 x 54.8 mm,LED,49 (123 cm),6,4K UHD & 3840 X 2160,20 watts,Dolby Digital Plus,-,Yes,AC100-240V 50/60Hz,No,1,No,1,UHD Up-Scaling,3,14 kg,145 W,SAMSUNG,"1,04,900"
-,https://www.vijaysales.com/Samsung-UA55MU6470-55-138cm-Ultra-HD-Smart-LED-TV/5696,2,UA55MU6470,19 kg,"1 x Digital Audio Out (Optical), 1 x RF In, CI Slot, HDMI A / Return Ch. Support, HDMI Quick Switch",2 CH(Down Firing w/Bass Reflex),"Smart TV : Voice Interaction (UK English), TV to Mobile - Mirroring, Mobile to TV - Mirroring DLNA, 360 Video Player, Bluetooth Low Energy, WiFi DirectDifferentiation: S-Share, Sound Mirroring, Dongle Compatibility (3G / LTE / WiFi), Analog Clean View",UA55MU6470,-,-,-,-,1235.2 x 783.9 x 334.3 mm,1235.2 x 715.1 x 54.8 mm,LED,55 (138 cm),6,4K UHD & 3840 X 2160,20 watts,Dolby Digital Plus,-,Yes,AC100-240V 50/60Hz,No,1,No,1,UHD Up-Scaling,3,16.9 kg,160 W,SAMSUNG,"1,19,900"
-,https://www.vijaysales.com/Videocon-VNV50Q549SAMP-49-123-cm-Ultra-HD-Smart-LED-TV/5728,"3 (2 x USB 2.0, 1 x USB 3.0)",VNV50Q549SAMP,12.8 Kg,"SPDIF, Wi-Fi (In-built), RF IN, 2 x AV IN, 1 x DVD Compatibility (YPbPr/YCbCr), PC VGA In",-,"Smart Features : App Store (Android), Inbuilt WiFi, Smartphone Connectivity (MHL), Browser, 4GB Nand Flash Memory, Expandable Memory, Browsing, Skype, Facebook, HDMI-CEC (Smart Connect)",VNV50Q549SA,-,-,1,-,1098 mm x 675 mm x 243 mm,1098 mm x 635 mm x 54 mm,LED,49 (123 cm),VNV,4K Ultra HD & 3840 x 2160,2 x 10 Watts (+-2W),-,-,Yes,110-240V ~ 50/60Hz,No,-,No,-,-,3,12.5 Kg,-,VIDEOCON,"42,490"
-,https://www.vijaysales.com/Samsung-UA32M5570-32-81-28cm-Full-HD-Smart-LED-IDTV/5729,2,UA32M5570,6.2 kg,"1 X Digital Audio Out (Optical), 1 x RF In, CI Slot, HDMI A / Return Ch. Support, HDMI Quick Switch",2 CH (Down Firing w/Bass Reflex),"Smart TV: Voice Interaction (UK English), One App Support, Smart ViewSmart Convergence : TV to Mobile - Mirroring, Mobile to TV - Mirroring, DLNA, Bluetooth Low Energy, WiFi DirectDifferentiation: S-Share, Sound Mirroring, Dongle Compatibility",UA32M5570,-,-,-,-,730.4 x 487.7 x 207.5 mm,730.4 x 433.7 x 55.1 mm,LED,32 (81.28 cm),5,Full HD & 1920 X 1080,20 W,Dolby Digital Plus,-,Yes,AC100-240V 50/60Hz,No,1,No,1,Hyper Real Engine,3,5.5 kg,80 W,SAMSUNG,"36,900"
-,https://www.vijaysales.com/LG-OLED55B7T-55-138cm-Ultra-HD-Smart-OLED-TV/5737,"Yes, Terminal Side 2",OLED55B7T,-,"Terminal Rear: RF In x 1, Composite In (CVBS + Audio) x 1, Component In (Y.Pb,Pr +Audio) x 1(Composite/Component Common), Digital Audio Out (Optical) x 1, Headphone Out x 1(Phone Jack Type), LAN x 1, HDMI x 2, USB x 1",-,"LG Smart TV : WebOS, WiFi Built In, WiFi Direct, Magic Remote Built In, Magic Remote Modes (4 Modes (Universal Control,Point,Wheel,Voice)), Direct Keys (Apps), Video Calling (TellyBean), Voice Recognition, Smart Phone Remote Controller (Remote App), Premium Content (India Specific Apps), Full Web Browser, Game World (In LG Store), Magic Zoom, 360 VR, Quick (1 Click) Access, OLED Gallery, LG Store, Magic Mobile Connection, Music Player, Multi ViewLG SmartShare : DLNA, Miracast TM, Intel WiDi, Network File Browser, Bluetooth Wireless headphone connection & control(With LG Product Only)Time Machine: External HDD Recording Support (RF / Composite only), Watch & Record (Items recordable when watching RF DTV or using Smart Functions), Scheduled RecordingUSB Playback Format : Video (DivX HD) / Picture (JPEG, JPS, MPO) / AC3 (Dolby Digital), EAC3, HE-AAC, AAC, MP2, MP3, PCM, DTS, DTS-HD, DTS Express, WMA, apt-X, Subtitle for DivX (Language): 15 Language (English, French, Spanish, Protuguese, Italian, Vietnamese, Bulgarian, Russian, Maori, Ukrainian, Kazakh, Thai, Hebrew, Arab, Korean)Special Features : Motion Eco Sensor, Intelligent Sensor (White Sensor), Smart Energy Saving, e-Manual, OSD Language: Total 25, Indian : 11 (Hindi, Bengali, Telugu, Tamil, Malyalam, Assamese, Kannada, Urdu, Marathi ,Punjabi, Gujrati) Subject to updation regularly, Self Lighting PixelActive HDR With Dolby Vision, Analog TV Reception, Digital TV Reception (Terrestrial DVB-T2)",OLED55B7T,-,0.3 W,-,-,-,-,OLED,55 (138 cm),-,Ultra HD 3840 x 2160,40W,Dolby Digital Decoder & DTS Decoder,2.2 Ch Speaker,Yes,100~240Vac 50~60 Hz,No,-,No,-,True 4K Engine (OLED Master Engine),"Yes, Terminal Side 2",-,-,LG,"2,14,990"
-,https://www.vijaysales.com/LG-OLED65C7T-65-164cm-Ultra-HD-Smart-OLED-TV/5739,"Yes, Terminal Side 1",OLED65C7T,24.7 Kg,"Terminal Rear: RF In x 1, Composite In (CVBS + Audio) x 1, Component In (Y.Pb,Pr +Audio) x 1(Composite/Component Common), Digital Audio Out (Optical) x 1, Headphone Out x 1(Phone Jack Type), LAN x 1, HDMI x 1, USB x 2",-,"LG Smart TV : WebOS, Launcher (Recent / Home / My Apps), WiFi Built In, WiFi Direct, Magic Remote Built In, Magic Remote Modes (4 Modes (Universal Control,Point,Wheel,Voice)), Direct Keys (Apps), Video Calling (TellyBean), Voice Recognition, Smart Phone Remote Controller (Remote App), Premium Content (India Specific Apps), Full Web Browser, Game World (In LG Store), Magic Zoom, 360 VR, Single Click (Quick) Access, OLED Gallery, LG Store, Magic Mobile Connection, Music Player, Multi ViewLG SmartShare : DLNA, Miracast TM, Intel WiDi, Network File Browser, Bluetooth Wireless headphone connection & control(With LG Product Only)Time Machine: External HDD Recording Support (RF / Composite only), Watch & Record (Items recordable when watching RF DTV or using Smart Functions), Scheduled RecordingUSB Playback Format : Video (DivX HD) / Picture (JPEG, JPS, MPO) / AC3 (Dolby Digital), EAC3, HE-AAC, AAC, MP2, MP3, PCM, DTS, DTS-HD, DTS Express, WMA, apt-X, Subtitle for DivX (Language): 15 Language (English, French, Spanish, Protuguese, Italian, Vietnamese, Bulgarian, Russian, Maori, Ukrainian, Kazakh, Thai, Hebrew, Arab, Korean)Special Features : Motion Eco Sensor, Intelligent Sensor (White Sensor), Smart Energy Saving, e-Manual, OSD Language: Total 25, Indian : 11 (Hindi, Bengali, Telugu, Tamil, Malyalam, Assamese, Kannada, Urdu, Marathi ,Punjabi, Gujrati) Subject to updation regularly, Self Lightning PixelActive HDR With Dolby Vision, Analog TV Reception, Digital TV Reception (Terrestrial DVB-T2), Infinite ContrastDisplay Type: Flat",OLED65C7T,-,0.3 W,-,-,1453 mm x 873 mm x 217 mm,1453 mm x 833 mm x 46.6 mm min: (4.6 ),OLED,65 (164cm),-,Ultra HD 3840 x 2160,40W,Dolby Digital Decoder & DTS Decoder,2.2 Ch Speaker,Yes,100~240Vac 50~60 Hz,No,-,No,-,True 4K Engine (OLED Master Engine),"Yes, Terminal Side 3",22.8 Kg,-,LG,"3,59,990"
"LCD, Edge LED Backlight type",https://www.vijaysales.com/Sony-KD49X7002E-49-123cm-Ultra-HD-Smart-LED-TV/5758,3 (Side),KD49X7002E,Approx. 12.1 Kg,"Wi-Fi Standard: Wi-Fi® Certified 802.11b/g/nEthernet inputs: 1 (Bottom)Smartphone connectivity: Photo Sharing Plus, Screen mirroring (Miracast™)RF x 1HDCP: HDCP 2.2 (for HDMI™1/2/3)HDMI-CEC: YesHDMI Audio Return Channel (ARC): YesDigital Audio Output(s): 1 (Bottom)Audio/Headphone Output(s): 1 (Rear)USB drive format support: FAT16/FAT32/NTFSUSB playback codecs: MPEG1/MPEG2PS/MPEG2TS/AVCHD/MP4Part10/MP4Part2/AVI(XVID)/AVI(MotionJpeg)/WMV9/MKV/WEBM/WAV/MP3/WMA/JPEG",Open Baffle Speaker,"SoftwareOperating System: LinuxOn-board Storage (GB): 4 GBDisplay Language: AFRIKAANS/ARABIC/ASSAMESE/BENGALI/ENGLISH/PERSIAN/FRENCH/GUJARATI/HINDI/INDONESIAN/KANNADA/MALAYALAM/MARATHI/ORIYA/PANJABI/PORTUGUESE/RUSSIAN/SWAHILI/TAMIL/TELUGU/THAI/TURKISH/VIETNAMESE/SIMPLIFIED CHINESE/ZULUText Input Language: ENGLISHInternet Browser: OperaApplication Store: Yes (Opera Store)On/Off Timer, Sleep Timer, Teletext",KD49X7002E,Motionflow™ XR 200 (Native 50 Hz),0.50 W,-,-,Approx. 1102 x 694 x 252 mm,Approx. 1102 x 646 x 70 mm,LED,123 cm (49),-,Ultra HD & 3840 x 2160,10 W+10 W,"Dolby® Digital, Dolby® Digital Plus, Dolby® Pulse",,Yes,"AC 100–240 V, 50/60 Hz DC 19.5 V",No,-,No,1 (Bottom),4K X-Reality PRO,3 (2 Side/1 Rear),Approx. 11.4 Kg,114 W,SONY,"79,990"
"LCD, Edge LED Backlight type",https://www.vijaysales.com/Sony-KD43X7002E-43-108cm-Ultra-HD-Smart-LED-TV/5759,3 (Side),KD43X7002E,Approx. 10 Kg,"Wi-Fi Standard: Wi-Fi® Certified 802.11b/g/nEthernet inputs: 1 (Bottom)Smartphone connectivity: Photo Sharing Plus, Screen mirroring (Miracast™)RF x 1HDCP: HDCP 2.2 (for HDMI™1/2/3)HDMI-CEC: YesHDMI Audio Return Channel (ARC): YesDigital Audio Output(s): 1 (Bottom)Audio/Headphone Output(s): 1 (Rear)USB drive format support: FAT16/FAT32/NTFSUSB playback codecs: MPEG1/MPEG2PS/MPEG2TS/AVCHD/MP4Part10/MP4Part2/AVI(XVID)/AVI(MotionJpeg)/WMV9/MKV/WEBM/WAV/MP3/WMA/JPEG",Open Baffle Speaker,"SoftwareOperating System: LinuxOn-board Storage (GB): 4 GBDisplay Language: AFRIKAANS/ARABIC/ASSAMESE/BENGALI/ENGLISH/PERSIAN/FRENCH/GUJARATI/HINDI/INDONESIAN/KANNADA/MALAYALAM/MARATHI/ORIYA/PANJABI/PORTUGUESE/RUSSIAN/SWAHILI/TAMIL/TELUGU/THAI/TURKISH/VIETNAMESE/SIMPLIFIED CHINESE/ZULUText Input Language: ENGLISHInternet Browser: OperaApplication Store: Yes (Opera Store)On/Off Timer, Sleep Timer, Teletext",KD43X7002E,Motionflow™ XR 200 (Native 50 Hz),0.50 W,-,-,Approx. 971 x 620 x 242 mm,Approx. 971 x 571 x 70 mm,LED,108 cm (43),-,Ultra HD & 3840 x 2160,10 W+10 W,"Dolby® Digital, Dolby® Digital Plus, Dolby® Pulse",,Yes,"AC 100–240 V, 50/60 Hz DC 19.5 V",No,-,No,1 (Bottom),4K X-Reality PRO,3 (2 Side/1 Rear),Approx. 9.3 Kg,101 W,SONY,"60,990"
-,https://www.vijaysales.com/Samsung-UA50MU6100-50-125cm-Ultra-HD-Smart-LED-TV/5766,2,UA50MU6100,12.7 kg,"Digital Audio Out (Optical), RF In, HDMI A / Return Ch. Support, HDMI Quick Switch",2 CH (Down Firing w/Bass Reflex),"Smart Service: Voice Interaction (UK English)Convergence: TV to Mobile-Mirroring, Mobile to TV-Mirroring, DLNA, 360 Video Player, Bluetooth Low Energy, WiFi DirectDifferentiation: S-Share, Sound Mirroring, Dongle Compatibility (3G / LTE / WiFi)",UA50MU6100,-,-,-,-,1128.9 x 723.7 x 310.5 mm,1128.9 x 654.4 x 63.2 mm,LED,50 (125cm),6,4K UHD & 3840 X 2160,20 W,Dolby Digital Plus,-,Yes,AC100-240V 50/60Hz,No,1,No,1,UHD Up-Scaling,3,11.5 kg,185 W,SAMSUNG,"83,900"
IPS 4K Panel,https://www.vijaysales.com/LG-43UJ632T-43-108cm-Ultra-HD-Smart-LED-TV/5997,"Yes, Terminal Side x 1",43UJ632T,8.4 Kg,"Terminal Rear: RF In, Digital Audio Out (Optical), Headphone Out, LAN, HDMI, USB",-,"LG Smart TV: webOS, Launcher (Recent / Home / My Apps), Wi-Fi (Built IN/ Optional), WiFi Direct, Magic Remote Built IN, Magic Remote Modes (4 Modes (Universal Control,Point,Wheel,Voice)), Direct Keys (Apps)-Netflix, Amazon, Video Calling (TellyBean), Voice Recognition, Voice recognition - Language-US English, Voice recognition - Usage In-Search / Web browsing / SNS, Smart Phone Remote Controller (Remote App), Premium Content (India Specific Apps), Full Web Browser, Game World-Yes(In LG Store), Magic Zoom-Live + Focus Zoom, 360 VR, Single Click (Quick) Access, LG Store, Magic Mobile Connection, Music Player, Multi ViewSmart Convergence: DLNA, Miracast TM, Intel Widi, Network File Browser, Bluetooth Wireless headphone connection & control(With LG Product Only)Time Machine: Time Machine(Ready), External HDD Recording Support, Scheduled Recording, Watch & Record -(Items recordable when using smart functions)USB: DivX HD, Picture (JPEG,JPS,MPO), External Device App Download , Audio Codec-AC3(Dolby Digital), EAC3, HE-AAC, AAC, MP2, MP3, PCM, DTS, DTS-HD, DTS Express, WMA, apt-X, Subtitle for DivX (Language)-15 Language (English, French, Spanish, Protuguese, Italian, Vietnamese, Bulgarian, Russian, Maori, Ukrainian, Kazakh, Thai, Hebrew, Arab, Korean)Special: White Sensor, Smart Energy Saving, OSD Language-Total 25, Indian : 12 (Hindi, Bengali, Telugu, Tamil, Malyalam, Assamese, Kannada, Urdu, Marathi ,Punjabi, Gujrati,Udeya) Subject to updation regularly, Simplink (HDMI CEC)Local Key Type: Joystick",43UJ632T,-,0.3 W,-,-,977 mm x 615 mm x 187 mm,977 mm x 575 mm x 80.8 mm min: (71.7 ),LED,43 (108 cm),-,Ultra HD 3840 x 2160,20 W,Dolby Digital Decoder & DTS Decoder,2 Ch Speaker,Yes,100~240Vac 50~60 Hz,No,Yes,No,Yes,True 4K Engine,"Yes, Terminal Side x 2",8.3 Kg,-,LG,"58,990"
-,https://www.vijaysales.com/Haier-LE65B8500U-65-165cm-Ultra-HD-LED-TV/6006,Yes,LE65B8500U,-,"RF Connection Input x 1, Analog Audio Input x 1, Audio Output x 1, Headphone Output x 1",-,"Convenience Features: Sleep Timer, On / Off Timer, Info, USB Photo Viewer, Pre Channel",LE65B8500U,-,0.5,-,-,-,-,LED,65 (165cm),-,4K Ultra HD & 3840 x 2160 Pixels,10W x 2,-,Yes,-,-,No,1,No,1,-,3,-,198,HAIER,"77,490"
-,https://www.vijaysales.com/Haier-LE55Q6500U-55-140cm-Ultra-HD-Smart-Curve-LED-TV/6007,Yes,LE55Q6500U,-,"RF Connection Input x 1, Analog Audio Input x 1, Audio Output x 1, Headphone Output x 1, Ethernet LAN x 1, Wireless(Built In or Dongle) x 1",-,"Convenience Features: Linux Smart TV Platform, On / Off Timer, USB Photo Viewer, USB Music Player, USB Video Player, Favourites, ZoomSmart Share",LE55Q6500U,-,0.5,-,-,-,-,LED,55 (140cm),-,4K Ultra HD & 3840 x 2160 Pixels,10W x 2,-,Yes,Yes,-,No,1,Yes,1,-,3,-,168,HAIER,"60,990"
-,https://www.vijaysales.com/Haier-LE55Q9500U-55-139cm-Ultra-HD-Curve-LED-TV/6008,Yes,LE55Q9500U,-,"RF Connection Input x 1, Audio Output x 1, Headphone Output x 1",-,"Convenience Features: Sleep Timer, Info, FavouritesMobile High-Definition Link (MHL)AVL(Auto Volume Leveler)",LE55Q9500U,-,0.5,-,-,-,-,LED,55 (139 cm),-,4K Ultra HD & 3840 x 2160 Pixels,10W x 2,-,Yes,-,-,No,1,Yes,1,-,4,-,150,HAIER,"47,990"
-,https://www.vijaysales.com/Onida-LEO40HG-38-5-97-79cm-HD-LED-TV/6011,2,LEO40HG,7.5 kg,"1 x RF In, AV IN, Earphone x 1",-,"Other Features: Alarm, Sleep Timer, Hotel Mode (Optional), Blue Black, Scrolling DisplayFront Keyboard OSD: OptionalOSD Languages: English, Russian, ArabicNo Of Programs: 1 ~ 200Color System: PAL / SECAM /AUTONTSC Playback: PAL / SECAM /NTSC (MULTISYSTEM)Sound System: BG / I / DK /AUTO",LEO40HG,-,0.5W,-,-,883 mm X 557 mm x192 mm,880 mm x515 mm x76 mm,LED,38.5 (97.79cm),-,HD & 1366 X 768 Pixels,8w+8w,-,2,No,100 ~ 240 VAC ; 50Hz/60Hz,No,-,No,-,-,2,6.0 kg,80 WATT,ONIDA,"21,990"
Advanced LED Panel Techonology,https://www.vijaysales.com/LG-75SJ955T-75-190cm-Super-Ultra-HD-Smart-LED-TV/6012,"Yes, Terminal Side 1",75SJ955T,-,"Terminal Rear: 1 x RF In, Composite In (CVBS + Audio): 1, Component In (Y.Pb,Pr +Audio): 1(Composite/Component Common), 1 x Digital Audio Out (Optical), 1 x Headphone out, 1 x LAN, HDMI x 1, USB x 2",-,"Smart Features: WebOS, Launcher (Recent/Home/My Apps), WiFi Built In/Optional, WiFi Direct, Magic Remote Built In, Voice Recognition, Full Web Browser, Game World (IN LG Store), Magic Zoom, 360 VR, Quick (1 Click) Access, LG Store, Music Player, Multi View, Magic Mobile ConnectionLG Smart Share: DLNA, Miracast TM, Intel WiDi, Network File Browser, Bluetooth wireless headphone connection and control (With LG Product Only)Time Machine : External HDD Recording Support (RF/Composite only), Watch & Record -(Other Items recordable when watching HDMI / Component & using Smart Functions) (RF(DTV/ATV) Composite(STB) (Excluding Copy Protection)), Scheduled RecordingSpecial Features : Motion Eco Senosor, Intelligent Sensor (White Sensor), Smart Energy Saving, e-Manual, OSD Language-Total 25, Indian : 11 (Hindi, Bengali, Telugu, Tamil, Malyalam, Assamese, Kannada, Urdu, Marathi ,Punjabi, Gujrati) Subject to updation regularlyLocal Key Type: JoystickOther Features: Digital TV Reception-Yes (DVB-T2), Analog TV Reception, BackLight Module-Slim LED, Nano Cell Display, Display Type-Flat, Active HDR With Dolby VisionSubtitle for DivX (Language): 15 Language (English, French, Spanish, Protuguese, Italian, Vietnamese, Bulgarian, Russian, Maori, Ukrainian, Kazakh, Thai, Hebrew, Arab, Korean)",75SJ955T,-,0.3 W,-,-,-,-,LED,75 (190cm),-,Ultra HD 3840 x 2160,60W,"Dolby Digital Decoder, DTS Decoder",4.2 Ch Speaker,Yes,100~240Vac 50~60 Hz,No,-,No,-,True 4K Engine,"Yes, Terminal Side 3",-,-,LG,"6,08,990"
-,https://www.vijaysales.com/LG-OLED65B7T-65-164cm-Ultra-HD-Smart-OLED-TV/6022,"Yes, Terminal Side 2",OLED65B7T,-,"Terminal Rear: RF In x 1, Composite In (CVBS + Audio) x 1, Component In (Y.Pb,Pr +Audio) x 1(Composite/Component Common), Digital Audio Out (Optical) x 1, Headphone Out x 1(Phone Jack Type), LAN x 1, HDMI x 2, USB x 1",-,"LG Smart TV : WebOS, Launcher (Recent / Home / My Apps), WiFi Built In/Optional, WiFi Direct, Magic Remote Built In, Magic Remote Modes (4 Modes (Universal Control,Point,Wheel,Voice)), Direct Keys (Apps), Video Calling (TellyBean), Voice Recognition, Smart Phone Remote Controller (Remote App), Premium Content (India Specific Apps), Full Web Browser, Game World (In LG Store), Magic Zoom, 360 VR, Quick (1 click) Access, OLED Gallery, LG Store, Magic Mobile Connection, Music Player, Multi ViewLG SmartShare : DLNA, Miracast TM, Intel WiDi, Network File Browser, Bluetooth Wireless headphone connection & control(With LG Product Only)Time Machine: External HDD Recording Support (RF / Composite only), Watch & Record (Items recordable when watching RF DTV or using Smart Functions), Scheduled RecordingUSB Playback Format : Video (DivX HD) / Picture (JPEG, JPS, MPO) / External Device App Download / AC3 (Dolby Digital), EAC3, HE-AAC, AAC, MP2, MP3, PCM, DTS, DTS-HD, DTS Express, WMA, apt-X, Subtitle for DivX (Language): 15 Language (English, French, Spanish, Protuguese, Italian, Vietnamese, Bulgarian, Russian, Maori, Ukrainian, Kazakh, Thai, Hebrew, Arab, Korean)Special Features : Motion Eco Sensor, Intelligent Sensor (White Sensor), Smart Energy Saving, e-Manual, OSD Language: Total 25, Indian : 11 (Hindi, Bengali, Telugu, Tamil, Malyalam, Assamese, Kannada, Urdu, Marathi ,Punjabi, Gujrati) Subject to updation regularlyActive HDR With Dolby Vision, Analog TV Reception, Digital TV Reception (Terrestrial DVB-T2), Infinite ContrastDisplay Type: Flat",OLED65B7T,-,0.3 W,-,-,-,-,OLED,65 (164cm),-,Ultra HD 3840 x 2160,40W,Dolby Digital Decoder & DTS Decoder,2.2 Ch Speaker,Yes,100~240Vac 50~60 Hz,No,-,No,-,True 4K Engine (OLED Master Engine),"Yes, Terminal Side 2",-,-,LG,"3,49,990"
-,https://www.vijaysales.com/VISE-VK32H701-32-81cm-HD-Ready-LED-TV/6033,2,VK32H701,-,"AV in x 1, AV out mini x 1, VGA in x 1, Earphone x 1",-,Special Soundbar DesignHigh Quality Sound,VK32H701,-,0.5W,-,-,-,-,LED,32 (81cm),VK,HD Ready & 1366 x 768 Pixels,10w x 2,-,Yes,No,AC 110-240V ~ 50/60Hz,No,-,No,-,-,2,-,55W,VISE,"14,490"
-,https://www.vijaysales.com/VISE-VK43U701-43-108cm-Ultra-HD-Smart-LED-TV/6041,2,VK43U701,Approx. 7.8 Kg,"Cable/Antenna Input x 1, PC In (D-sub) x 1, Headphone Output x 1, SPDIF out x 1, Ethernet (LAN) x 1",-,"Smart Features : Android 5.1 with Smart TV Style UI / Cortex A53 dual Core / Multi-core Mali 450PM2 / Built In WiFiRAM: 1 GB / ROM: 4 GBOther Features: Sleep Timer, 3D Comb Filter, 3D Dynamic Noise Reduction , 3D Adaptive Deinterlacing, Motion Compensation, Backlight Adjustable, Auto Power Off, Auto Volume Level, Music, Video, Photo, Browser, YouTubeOSD Language: English/Arabic/Persian/Russian/FrenchWall Mount: OptionalAccessory : Remote Control,Instruction Book, Battery, Stand etc.",VK43U701,60Hz,<0.5W,1,-,Approx. 967.6 mm x 614 mm x 204.8 mm,Approx. 967.6 mm x 560.6 mm x 87 mm,LED,43 (108cm),VK,Ultra HD & 3840 X 2160,16 Watts,Stereo System: NICAM /A25 Band Equize,-,"Yes, Android v5.1",110 ~ 240V,No,1,No,1,-,3,Approx. 7.55 Kg,<120W,VISE,"31,490"
-,https://www.vijaysales.com/VISE-VK49U701-49-124cm-Ultra-HD-Smart-LED-TV/6042,2,VK49U701,Approx. 10.3Kg,"Cable/Antenna Input x 1, PC In (D-sub) x 1, Headphone Output x 1, SPDIF out x 1, Ethernet (LAN) x 1",-,"Smart Features : Android 5.1 with Smart TV Style UI, Cortex A53 Dual Core, Multi-core Mali 450PM2, Built In WiFiRAM: 1 GB / ROM: 4 GBOther Features: Sleep Timer, 3D Comb Filter, 3D Dynamic Noise Reduction , 3D Adaptive Deinterlacing, Motion Compensation, Backlight Adjustable, Auto Power Off, Auto Volume Level, Browser, YouTube, Music, Video, PhotoOSD Language: English/Arabic/Persian/Russian/FrenchWall Mount: OptionalAccessory : Remote Control,Instruction Book, Battery, Stand etc.",VK49U701,60Hz,<0.5W,1,-,Approx. 1102.5 mm x 698.5 mm x 253.7 mm,Approx. 1102.5 mm x 637.2 mm x 90.2 mm,LED,49 (124cm),VK,Ultra HD & 3840 X 2160,16 Watts,Stereo System: NICAM /A25 Band Equize,-,"Yes, Android v5.1",110 ~ 240V,No,1,No,1,-,3,Approx. 9.9Kg,<160w,VISE,"37,990"
-,https://www.vijaysales.com/VISE-VK55U701-55-140cm-Ultra-HD-Smart-LED-TV/6043,2,VK55U701,Approx. 12.8kg,"Cable/Antenna Input x 1, PC In (D-sub) x 1, Headphone Output x 1, SPDIF out x 1, Ethernet (LAN) x 1",-,"Smart Features : Android 5.1 with Smart TV Style UI, Cortex A53 Dual Core, Multi-core Mali 450PM2, Built In WiFiRAM: 1 GB / ROM: 4 GBOther Features: Sleep Timer, 3D Comb Filter, 3D Dynamic Noise Reduction , 3D Adaptive Deinterlacing, Motion Compensation, Backlight Adjustable, Auto Power Off, Auto Volume Level, Browser, YouTube, Music, Video, PhotoOSD Language: English/Arabic/Persian/Russian/FrenchWall Mount: OptionalAccessory : Remote Control,Instruction Book, Battery, Stand etc.",VK55U701,60Hz,<0.5W,1,-,Approx. 1240 mm x 775 mm x 253.7 mm,Approx. 1240 mm x 715.9 mm x 90.2 mm,LED,55 (140cm),VK,Ultra HD & 3840 X 2160,16 Watts,Stereo System: NICAM /A25 Band Equize,-,"Yes, Android v5.1",110 ~ 240V,No,1,No,1,-,3,Approx. 12.4kg,<160w,VISE,"45,490"
-,https://www.vijaysales.com/VISE-VD32H701-32-80cm-HD-Ready-LED-TV/6047,2,VD32H701,-,"AV in x 2, AV out mini x 1, VGA in x 1, Earphone x 1",-,-,VD32H701,-,0.5W,-,-,-,-,LED,32 (80cm),VK,HD Ready & 1366 x 768 Pixels,8w x 2,-,Yes,No,AC 110-240V ~ 50/60Hz,No,-,No,-,-,2,-,60W,VISE,"13,490"
-,https://www.vijaysales.com/Haier-LE32B9100M-32-80cm-HD-Ready-LED-TV/6067,2,LE32B9100M,5.23Kg,Headphone Out,-,"On / Off Timer,USB Photo Viewer,USB Music Player,USB Video Player,ZoomConvenience Features: Video, Audio & Picture Playback Formats (Multiple Formats)",LE32B9100M,<100 Hz,-,-,-,799 mm x 510 mm x 146 mm,727 mm x 425.5 mm x 85 mm,LED,32 (80 cm),-,HD Ready & 1366 x 768 Pixels,16 W,Digital,2,No,230V,No,Yes,No,Yes,-,2,3.51Kg,60W,HAIER,"15,990"
-,https://www.vijaysales.com/Samsung-UA43MU6470-43-108cm-Ultra-HD-Smart-LED-TV/7320,2,UA43MU6470,12.2 kg,"1 x Digital Audio Out (Optical), 1 x RF In, CI Slot, HDMI A / Return Ch. Support, HDMI Quick Switch",2 CH(Down Firing w/Bass Reflex),"Smart TV : Voice Interaction (UK English), TV to Mobile - Mirroring, Mobile to TV - Mirroring DLNA, 360 Video Player, Bluetooth Low Energy, WiFi DirectDifferentiation: S-Share, Sound Mirroring, Dongle Compatibility (3G / LTE / WiFi), Analog Clean View",UA43MU6470,-,-,-,-,966.8 x 564.2 x 304.0 mm,966.8 x 619.0 x 55.0 mm,LED,43 (108cm),6,4K UHD & 3840 X 2160,20 watts,Dolby Digital Plus,-,Yes,AC100-240V 50/60Hz,No,1,No,1,UHD Up-Scaling,3,10.5 kg,130 W,SAMSUNG,"69,900"
-,https://www.vijaysales.com/Videocon-VRC50QA49SA-49-123cm-Ultra-HD-Smart-LED-TV/7345,"3 (2 x USB 2.0, 1 x USB 3.0)",VRC50QA49SA,17.2 Kg,Wi-Fi (In-built)RF IN2 x AV IN1 x DVD Compatibility (YPbPr/YCbCr)1 x PC VGA In,-,"Smart Features : 4GB Nand Flash Memory, Expandable Memory, Browsing, Skype, Facebook, Inbuilt WiFi etc.",VRC50QA49SA,-,-,1,-,1098.5 mm x 697 mm x 243 mm,1098.5 mm x 655 mm x 54 mm,LED,49 (123cm),VRC,4K Ultra HD & 3840 x 2160,2 x 10 Watts (+-2W),-,-,Yes,110-240V ~ 50/60Hz,No,-,No,-,-,3,17 Kg,-,VIDEOCON,"42,490"
-,https://www.vijaysales.com/Samsung-QA55Q7F-55-138cm-Ultra-HD-Smart-QLED-TV/7358,3,QA55Q7F,21.2 Kg,Ethernet (LAN)Digital Audio Out (Optical)RF InHDMI A / Return Ch. SupportHDMI Quick SwitchWireless LAN Built-inAnynet+ (HDMI-CEC),4.2Ch,"Smart TV:-Voice Interaction (UK English), Web Browser, Samsung Connect, Smart ViewConvergence: TV to Mobile - Mirroring, Mobile to TV - Mirroring, DLNA, 360 Video Player, Bluetooth Low Energy, WiFi DirectDifferentiation: S-Share (India Only), Sound Mirroring, Dongle Compatibility (3G / LTE / WiFi), Analog Clean ViewTuner/Broadcasting: DVB-T2, Analog TunerDesign: ZERO (Simple Edge), 4 Bezel-less, Slim, Sterling Silver Front Color, Real Stainless_Type TriadAdditional Feature: Instant On, Quad-Core Processor, Accessibility (Voice guide(AU English)/ Enlarge/ High contrast/ Learn TV Remote(AU English)/ Multi-output Audio), One Connect Optical, Digital Clean View, Auto Channel Search, Auto Power Off, Caption (Subtitle), Connect Share™ (HDD), ConnectShare™ (USB 2.0), Connect Share™ Transfer, Embeded POP, EPG, Extended PVR, Game Mode, OSD Language (22 Local Languages, English), BT HID Built-in, USB HID Support,Teletext (TTX), Time Shift, Ultra Clean ViewEco Feature: Eco Sensor",QA55Q7F,-,-,-,-,"1,225.2 mm x 788.4 mm x 303.8 mm","1,225.2 mm x 703.6 mm x 44.9 mm",QLED,55 (138cm),Q7,Ultra HD & 3840 x 2160p,40W,Dolby Digital Plus,-,Yes,AC100-240 V 50/60 Hz,No,1,No,1,Q Engine,4,18.0 Kg,185 W,SAMSUNG,"2,19,900"
-,https://www.vijaysales.com/Samsung-QA65Q7F-65-163cm-Ultra-HD-Smart-QLED-TV/7359,3,QA65Q7F,28.2 Kg,Ethernet (LAN)Digital Audio Out (Optical)RF InHDMI A / Return Ch. SupportHDMI Quick SwitchWireless LAN Built-inAnynet+ (HDMI-CEC),4.2Ch,"Smart TV:-Voice Interaction (UK English), Web Browser, Samsung Connect, Smart ViewConvergence: TV to Mobile - Mirroring, Mobile to TV - Mirroring, DLNA, 360 Video Player, Bluetooth Low Energy, WiFi DirectDifferentiation: S-Share (India Only), Sound Mirroring, Dongle Compatibility (3G / LTE / WiFi), Analog Clean ViewTuner/Broadcasting: DVB-T2, Analog TunerDesign: ZERO (Simple Edge), 4 Bezel-less, Slim, Sterling Silver Front Color, Real Stainless_Type TriadAdditional Feature: Instant On, Quad-Core Processor, Accessibility (Voice guide(AU English)/ Enlarge/ High contrast/ Learn TV Remote(AU English)/ Multi-output Audio), One Connect Optical, Digital Clean View, Auto Channel Search, Auto Power Off, Caption (Subtitle), Connect Share™ (HDD), ConnectShare™ (USB 2.0), Connect Share™ Transfer, Embeded POP, EPG, Extended PVR, Game Mode, OSD Language (22 Local Languages, English), BT HID Built-in, USB HID Support,Teletext (TTX), Time Shift, Ultra Clean ViewEco Feature: Eco Sensor",QA65Q7F,-,-,-,-,"1,444.1 mm x 916.7 mm x 376.9 mm","1,444.1 mm x 826.4 mmm x 45.0 mm",QLED,65 (163cm),Q7,Ultra HD & 3840 x 2160p,40W,Dolby Digital Plus,-,Yes,AC100-240 V 50/60 Hz,No,1,No,1,Q Engine,4,24.3 Kg,230 W,SAMSUNG,"3,59,900"
-,https://www.vijaysales.com/Samsung-UA32M4010D-32-80cm-HD-LED-TV/7367,1,UA32M4010D,4.0 kg,1 x Audio Out (Mini Jack)1 x RF In (Terrestrial / Cable input),2CH (Down Firing + Base Reflex),"Differentiation:-Analog Clean View, Sports Mode (Basic), Family TV 2.0, Indian Cinema ModeTuner/Broadcasting:-Digital Broadcasting (Ready), Analog TunerDesign:-Slim Edge MoldBezel Type : NNBSlim Type : Semi-Slim FLED",UA32M4010D,-,-,-,-,745.4 mm x 466.4 mm x 150.5 mm,745.4 mm x 442.2 mm x 69.0 mm,LED,32 (80cm),4,HD & 1366 x 768,10 Watts,Dolby Digital Plus,-,No,AC100-240V 50/60Hz,No,1,No,1,Hyper Real Engine,2,3.9 kg,48 W,SAMSUNG,"25,100"
-,https://www.vijaysales.com/Samsung-UA32M4200-32-80-cm-HD-Smart-LED-TV/7529,1,UA32M4200,4.0 kg,"1 x Audio Out (Mini Jack), 1 x RF In",2 CH (Down Firing + Base Reflex),"Smart TV : Mobile to TV - Mirroring DLNA, Bluetooth Low Energy, WiFi DirectDifferentiation: Sound Mirroring, Analog Clean View, Basic Sports Mode, Image Booster, Family TV 2.0, Indian Cinema ModeDigital Broadcasting (Ready), Analog Tuner",UA32M4200,-,-,-,-,745.4 mm x 466.4 mm x 150.5 mm,745.4 mm x 442.2 mm x 69.0 mm,LED,32 (80 cm),4,HD & 1366 x 768,10 W,Dolby Digital Plus,-,Yes,AC100-240V 50/60Hz,No,1,No,1,HyperReal,2,3.9 kg,48 W,SAMSUNG,"25,900"
-,https://www.vijaysales.com/VISE-VK65U701-65-165cm-Ultra-HD-Smart-LED-TV/7687,2,VK65U701,-,"Cable/Antenna Input x 1, PC In (D-sub) x 1, Headphone Output x 1, SPDIF out x 1, Ethernet (LAN) x 1",-,"Smart Features : Android 5.1 with Smart TV Style UI, Cortex A53 Dual Core, Multi-core Mali 450PM2, Built In WiFiRAM: 1 GB / ROM: 4 GBOther Features: Sleep Timer, 3D Comb Filter, 3D Dynamic Noise Reduction , 3D Adaptive Deinterlacing, Motion Compensation, Backlight Adjustable, Auto Power Off, Auto Volume Level, Browser, YouTube, Music, Video, PhotoOSD Language: English/Arabic/Persian/Russian/FrenchWall Mount: OptionalAccessory : Remote Control,Instruction Book, Battery, Stand etc.",VK65U701,60Hz,<0.5W,1,-,-,Approx. 1460 mm x 846 mm x 82 mm,LED,65 (165cm),VK,Ultra HD & 3840 X 2160,16 Watts,Stereo System: NICAM /A25 Band Equize,-,"Yes, Android v5.1",110 ~ 240V,No,1,No,1,-,3,Approx. 19.6 Kg,<220w,VISE,"77,990"
LCD,https://www.vijaysales.com/Sony-KLV32R302F-32-80-cm-HD-Ready-LED-TV/7725,1 (Side),KLV32R302F,Approx. 4.8 Kg,"HDMI-CEC, HDMI Audio Return Channel (ARC), RF In, Audio/Headphone Output(s), HDCP1.4USB drive format support: FAT16/FAT32/NTFSUSB playback codecs: MPEG1/MPEG2PS/MPEG2TS/AVCHD/MP4Part10/MP4Part2/AVI(XVID)/AVI(MotionJpeg)/WMV9/MKV/WEBM/WAV/MP3/WMA/JPEG",Open Baffle Speaker,"Display:Backlight type: Direct LED, Backlight dimming type: Frame DimmingSoftware:Display Language: AFRIKAANS/ARABIC/ASSAMESE/BENGALI/ENGLISH/PERSIAN/FRENCH/GUJARATI/HINDI/INDONESIAN/KANNADA/MALAYALAM/MARATHI/ORIYA/PANJABI/PORTUGUESE/RUSSIAN/SWAHILI/TAMIL/TELUGU/THAI/TURKISH/VIETNAMESE/CHINESE/ZULUOn/Off Timer, Sleep Timer, Teletext, Power Saving Mode / Back Light Off Mode, Dynamic Backlight ControlDesign: Black Frame colour, Mould Hair Black StandBuilt-in Tuner: 1 (Analogue), TV System (Analogue)- B/G, D/K, I, M, Tuner Channel Coverage (Analogue)- 45.25 MHz-863.25 MHz, Depend on country selection",KLV32R302F,Motionflow™ XR 100 Hz,0.5 W,-,-,Approx. 735 x 461 x 168 mm,Approx. 735 x 443 x 63 mm,LED,32 (80cm),-,"HD Ready, 1366 x 768p",5 W + 5 W,Dolby Digital,-,-,"AC 100–240 V, 50/60 Hz, DC 19.5 V",No,1,No,1,-,2 (1Side/1Rear),Approx. 4.5 Kg,39 W,SONY,"25,990"
-,https://www.vijaysales.com/TCL-L40D2900-40-101-6cm-Full-HD-LED-TV/7763,2,L40D2900,6.31 Kg,Aux input/Headphone inputs(if any) x 1VGA/ SPDIF/ PC$AV COMPONENT/ ANTENNA IN / AV in COMPONENT,Sound Box inside,"Other Display & Video Features:-Viewing Angel: 178 degreeContrast Ratio: 4000:1Local DimmingOther Features:-Sports Mode, Cinema Mode, Parental control, Multiple language display, Built-in tuners (Analog-Yes)",L40D2900,60Hz,0.5 W,-,-,920 mm x 190 mm x 580 mm,920 mm x 60 mm x 540 mm,LED,40 (101.6cm),-,"FHD, 1920 x 1080p",5W+8W,Dolby Digital Plus,2,No,-,No,-,No,-,-,2,6.25 Kg,70 W,TCL,"21,990"
LCD,https://www.vijaysales.com/Sony-KLV43W662F-43-108cm-Full-HD-Smart-LED-TV/7806,2 (Side/Stacking),KLV43W662F,Approx. 8.2 kg,"Audio/Headphone Output(s), HDMI Audio Return Channel (ARC), HDMI-CEC, HDCP1.4, RF, Wi-Fi Standard, Ethernet inputsSmartphone connectivity: Photo Sharing Plus, Screen mirroring (Miracast™)USB drive format support: FAT16/FAT32/NTFSUSB playback codecs: MPEG1/MPEG2PS/MPEG2TS/AVCHD/MP4Part10/MP4Part2/AVI(XVID)/AVI(MotionJpeg)/WMV9/MKV/WEBM/WAV/MP3/WMA/JPEG",Open Baffle Speaker,"Backlight type: Direct LEDBacklight dimming type: Frame DimmingSoftware:Operating System: LinuxDisplay Language: AFRIKAANS/ARABIC/ASSAMESE/BENGALI/ENGLISH/PERSIAN/FRENCH/GUJARATI/HINDI/INDONESIAN/KANNADA/MALAYALAM/MARATHI/ORIYA/PANJABI/PORTUGUESE/RUSSIAN/SWAHILI/TAMIL/TELUGU/THAI/TURKISH/VIETNAMESE/SIMPLIFIED CHINESE/ZULUText Input Language: ENGLISHInternet Browser: VEWD (Depends on Country)Application Store: Yes (VEWD Store) (Depends On Country)On/Off Timer, Sleep Timer, TeletextClosed Captions (Analog/Digital)Power Saving Mode / Back Light Off Mode, Dynamic Backlight ControlDesign: Black Frame colour, Matt Black Chevron StandBuilt-in Tuner: 1(Analogue), TV System (Analogue)-B/G, D/K, I, M, Tuner Channel Coverage (Analogue)-45.25 Mhz–863.25 MHz (Depends on country/area selection)",KLV43W662F,Motionflow™ XR 200 (Native 50 Hz),0.50 W,-,-,Approx. 974 mm x 628 mm x 268 mm,Approx. 974 mm x 572 mm x 68 mm,LED,43 (108cm),-,Full HD & 1920 x 1080,5W + 5W,"Dolby™ Digital, Dolby™ Digital Plus, Dolby™ Pulse, Dolby™ AC-4",-,Yes,"AC 100–240 V, 50/60 Hz DC 19.5 V",No,-,No,1,-,2 (2Side),Approx. 7.8 kg,60 W,SONY,"52,990"
LCD,https://www.vijaysales.com/Sony-KLV50W662F-50-126cm-Full-HD-Smart-LED-TV/7807,2 (Side/Stacking),KLV50W662F,Approx. 11.4 kg,"Audio/Headphone Output(s), HDMI Audio Return Channel (ARC), HDMI-CEC, HDCP1.4, RF, Wi-Fi Standard, Ethernet inputsSmartphone connectivity: Photo Sharing Plus, Screen mirroring (Miracast™)USB drive format support: FAT16/FAT32/NTFSUSB playback codecs: MPEG1/MPEG2PS/MPEG2TS/AVCHD/MP4Part10/MP4Part2/AVI(XVID)/AVI(MotionJpeg)/WMV9/MKV/WEBM/WAV/MP3/WMA/JPEG",Open Baffle Speaker,"Backlight type: Direct LEDBacklight dimming type: Frame DimmingSoftware:Operating System: LinuxDisplay Language: AFRIKAANS/ARABIC/ASSAMESE/BENGALI/ENGLISH/PERSIAN/FRENCH/GUJARATI/HINDI/INDONESIAN/KANNADA/MALAYALAM/MARATHI/ORIYA/PANJABI/PORTUGUESE/RUSSIAN/SWAHILI/TAMIL/TELUGU/THAI/TURKISH/VIETNAMESE/SIMPLIFIED CHINESE/ZULUText Input Language: ENGLISHInternet Browser: VEWD (Depends on Country)Application Store: Yes (VEWD Store) (Depends On Country)On/Off Timer, Sleep Timer, TeletextClosed Captions (Analog/Digital)Power Saving Mode / Back Light Off Mode, Dynamic Backlight ControlDesign: Black Frame colour, Matt Black Chevron StandBuilt-in Tuner: 1(Analogue), TV System (Analogue)-B/G, D/K, I, M, Tuner Channel Coverage (Analogue)-45.25 Mhz–863.25 MHz (Depends on country/area selection)",KLV50W662F,Motionflow™ XR 200 (Native 50 Hz),0.50 W,-,-,Approx. 1130 mm x 717 mm x 268 mm,Approx. 1130 mm x 660 mm x 68 mm,LED,50 (126cm),-,Full HD & 1920 x 1080,5W + 5W,"Dolby™ Digital, Dolby™ Digital Plus, Dolby™ Pulse, Dolby™ AC-4",-,Yes,"AC 100–240 V, 50/60 Hz DC 19.5 V",No,-,No,1,-,2 (2Side),Approx. 11 kg,117 W,SONY,"69,990"
LCD,https://www.vijaysales.com/Sony-KLV32R202F-32-80cm-HD-Ready-LED-TV/7814,1 (Side),KLV32R202F,5 kg,"RF In, Audio/Headphone Output(s), HDCP1.4USB drive format support: FAT16/FAT32/NTFSUSB playback codecs: MPEG1/MPEG2PS/MPEG2TS/MP4/AVI(XVID)/AVI(MotionJpeg)/WMV9/MKV/WAV/MP3/WMA/JPEG",Open Baffle Speaker,"Display:-Backlight type: Direct LED, Backlight dimming type: Frame DimmingSoftware:-Display Language: ASSAMESE/BENGALI/ENGLISH/GUJARATI/HINDI/KANNADA/MALAYALAM/MARATHI/ORIYA/Punjabi/TAMIL/TELUGUOn/Off Timer, Sleep TimerClosed Captions (Analog/Digital): (Analogue)-, (Digital) USB support SRT subtitlePower Saving Mode / Back Light Off Mode, Dynamic Backlight ControlDesign: Black Frame colour, Plastic StandBuilt-in Tuner: 1 (Analogue), TV System (Analogue)- B/G, D/K, I, M, Tuner Channel Coverage (Analogue)-45.25 MHz-863.25 MHz",KLV32R202F,-,0.5 W,-,-,729.28 mm x 462.46 mm x 167.25 mm,729.28 mm x 436.7 mm x 73 mm,LED,32 (80cm),-,"HD Ready, 1366 x 768p",10 W + 10 W,Dolby Digital,-,No,"AC 110–240 V, 50/60 Hz, DC 19.5 V",No,1,No,1,-,2 (Side),4.9 kg,47 W,SONY,"22,990"
LCD,https://www.vijaysales.com/Sony-KLV40R252F-40-102cm-Full-HD-LED-TV/7816,1 (Side),KLV40R252F,8 kg,"RF In, Audio/Headphone Output(s), HDCP1.4USB drive format support: FAT16/FAT32/NTFSUSB playback codecs: MPEG1/MPEG2PS/MPEG2TS/MP4/AVI(XVID)/AVI(MotionJpeg)/WMV9/MKV/WAV/MP3/WMA/JPEG",Open Baffle Speaker,"Display:-Backlight type: Direct LED, Backlight dimming type: Frame DimmingSoftware:-Display Language: ASSAMESE/BENGALI/ENGLISH/GUJARATI/HINDI/KANNADA/MALAYALAM/MARATHI/ORIYA/Punjabi/TAMIL/TELUGUOn/Off Timer, Sleep TimerClosed Captions (Analog/Digital): (Analogue)-, (Digital) USB support SRT subtitlePower Saving Mode / Back Light Off Mode, Dynamic Backlight ControlDesign: Black Frame colour, Plastic StandBuilt-in Tuner: 1 (Analogue), TV System (Analogue)- B/G, D/K, I, M, Tuner Channel Coverage (Analogue)-45.25 MHz-863.25 MHz.",KLV40R252F,-,0.5 W,-,-,916 mm x 570.78 mm x 191.48 mm,916 mm x 532.45 mm x 73 mm,LED,40 (102cm),-,"Full HD, 1920 x 1080p",10 W + 10 W,Dolby Digital,-,No,"AC 110–240 V, 50/60 Hz, DC 19.5 V",No,1,No,1,-,2 (Side),7.7 kg,66 W,SONY,"41,990"
LCD,https://www.vijaysales.com/Sony-KLV40R352F-40-102cm-Full-HD-LED-TV/7817,1 (Side),KLV40R352F,Approx. 6.9 Kg,"HDMI-CEC, HDMI Audio Return Channel (ARC), RF In, Audio/Headphone Output(s), HDCP1.4USB drive format support: FAT16/FAT32/NTFSUSB playback codecs: MPEG1/MPEG2PS/MPEG2TS/AVCHD/MP4Part10/MP4Part2/AVI(XVID)/AVI(MotionJpeg)/WMV9/MKV/WEBM/WAV/MP3/WMA/JPEG.",Open Baffle Speaker,"Display:-Backlight type: Direct LED, Backlight dimming type: Frame DimmingSoftware:-Operating System: LinuxDisplay Language: AFRIKAANS/ARABIC/ASSAMESE/BENGALI/ENGLISH/PERSIAN/FRENCH/GUJARATI/HINDI/INDONESIAN/KANNADA/MALAYALAM/MARATHI/ORIYA/PANJABI/PORTUGUESE/RUSSIAN/SWAHILI/TAMIL/TELUGU/THAI/TURKISH/VIETNAMESE/CHINESE/ZULUOn/Off Timer, Sleep Timer, TeletextClosed Captions (Analog/Digital): (Analogue)-, (Digital) SubtitlePower Saving Mode / Back Light Off Mode, Dynamic Backlight ControlDesign: Black Frame colour, Mould Hair Black StandBuilt-in Tuner: 1 (Analogue), TV System (Analogue)- B/G, D/K, I, M, Tuner Channel Coverage (Analogue)-45.25 MHz-863.25 MHz, Depend on country selection.",KLV40R352F,Motionflow™ XR 100 Hz,0.5 W,-,-,Approx. 924 mm x 568 mm x 183 mm,Approx. 924 mm x 550 mm x 65 mm,LED,40 (102cm),-,"Full HD, 1920 x 1080p",5 W + 5 W,Dolby Digital,-,No,"AC 100–240 V, 50/60 Hz, DC 19.5 V",No,1,No,1,-,2 (1Side/1Rear),Approx. 6.5 Kg,51 W,SONY,"45,990"
LCD,https://www.vijaysales.com/Sony-KLV32W622F-32-80cm-HD-Ready-Smart-LED-TV/7818,2 (Side/Stacking),KLV32W622F,Approx. 6.6 kg,"Wi-Fi Standard, HDCP1.4, Ethernet inputs, HDMI-CEC, HDMI Audio Return Channel (ARC), RF, Audio/Headphone Output(s), Smartphone connectivity: Photo Sharing Plus, Screen mirroring (Miracast™)USB drive format support: FAT16/FAT32/NTFSUSB playback codecs: MPEG1/MPEG2PS/MPEG2TS/AVCHD/MP4Part10/MP4Part2/AVI(XVID)/AVI(MotionJpeg)/WMV9/MKV/WEBM/WAV/MP3/WMA/JPEG.",Front: Open Baffle SpeakerSubWoofer: Bass Reflex Speaker,"Display:-Backlight type: Edge LEDBacklight dimming type: Frame DimmingSoftware:Operating System: LinuxDisplay Language: AFRIKAANS/ARABIC/ASSAMESE/BENGALI/ENGLISH/PERSIAN/FRENCH/GUJARATI/HINDI/INDONESIAN/KANNADA/MALAYALAM/MARATHI/ORIYA/PANJABI/PORTUGUESE/RUSSIAN/SWAHILI/TAMIL/TELUGU/THAI/TURKISH/VIETNAMESE/SIMPLIFIED CHINESE/ZULUText Input Language: ENGLISHInternet Browser: VEWD (Depends on Country)Application Store: Yes (VEWD Store) (Depends On Country)On/Off Timer, Sleep Timer, TeletextClosed Captions (Analog/Digital)Power Saving Mode / Back Light Off Mode, Dynamic Backlight ControlDesign: Black Frame colour, Silver ChevronStandBuilt-in Tuner: 1(Analogue), TV System (Analogue)-B/G, D/K, I, M, Tuner Channel Coverage (Analogue)-45.25 Mhz–863.25 MHz (Depends on country/area selection).",KLV32W622F,Motionflow™ XR 200 (Native 50 Hz),0.50 W,-,-,Approx. 731 mm x 493 mm x 216 mm,Approx. 731 mm x 442 mm x 70 mm,LED,32 (80cm),-,"HD Ready, 1366 x 768p",8W+8W+14W,"Dolby™ Digital, Dolby™ Digital Plus, Dolby™ Pulse, Dolby™ AC-4",-,Yes,"AC 100–240 V, 50/60 Hz, DC 19.5 V",No,-,No,1,-,2 (2Side),Approx. 6.3 kg,69 W,SONY,"32,990"
LCD,https://www.vijaysales.com/Sony-KLV32W672F-32-80cm-Full-HD-Smart-LED-TV/7819,2 (Side/Stacking),KLV32W672F,Approx. 6.6 kg,"Wi-Fi Standard, HDCP1.4, Ethernet inputs, HDMI-CEC, HDMI Audio Return Channel (ARC), RF, Audio/Headphone Output(s)Smartphone connectivity: Photo Sharing Plus, Screen mirroring (Miracast™)USB drive format support: FAT16/FAT32/NTFSUSB playback codecs: MPEG1/MPEG2PS/MPEG2TS/AVCHD/MP4Part10/MP4Part2/AVI(XVID)/AVI(MotionJpeg)/WMV9/MKV/WEBM/WAV/MP3/WMA/JPEG.",Front: Open Baffle SpeakerSubWoofer: Bass Reflex Speaker,"Display:-Backlight type: Edge LEDBacklight dimming type: Frame DimmingSoftware:Operating System: LinuxDisplay Language: AFRIKAANS/ARABIC/ASSAMESE/BENGALI/ENGLISH/PERSIAN/FRENCH/GUJARATI/HINDI/INDONESIAN/KANNADA/MALAYALAM/MARATHI/ORIYA/PANJABI/PORTUGUESE/RUSSIAN/SWAHILI/TAMIL/TELUGU/THAI/TURKISH/VIETNAMESE/SIMPLIFIED CHINESE/ZULUText Input Language: ENGLISHInternet Browser: VEWD (Depends on Country)Application Store: Yes (VEWD Store) (Depends On Country)On/Off Timer, Sleep Timer, TeletextClosed Captions (Analog/Digital)Power Saving Mode / Back Light Off Mode, Dynamic Backlight ControlDesign: Black Frame colour, Silver Chevron StandBuilt-in Tuner: 1(Analogue), TV System (Analogue)-B/G, D/K, I, M, Tuner Channel Coverage (Analogue)-45.25 Mhz–863.25 MHz (Depends on country/area selection).",KLV32W672F,Motionflow™ XR 200 (Native 50 Hz),0.50 W,-,-,Approx. 731 mm x 493 mm x 216 mm,Approx. 731 mm x 442 mm x 70 mm,LED,32 (80cm),-,"Full HD, 1920 x 1080p",8W+8W+14W,"Dolby™ Digital, Dolby™ Digital Plus, Dolby™ Pulse, Dolby™ AC-4",-,Yes,"AC 100–240 V, 50/60 Hz, DC 19.5 V",No,-,No,1,-,2 (2Side),Approx. 6.3 kg,78 W,SONY,"36,990"